Código Puesto,Nombre Puesto,Mesa,Código Comuna,Nombre Comuna,Nombre Partido,Nombre Candidato,Total Votos
1,USAQUÉN,65,1,LOCALIDAD 1 USAQUEN,PARTIDO CONSERVADOR - PARTIDO COLOMBIA JUSTA LIBRES,NICOLAS SANCHEZ SALAZAR,1
4,COLEGIO AQUILEO PARRA SEDE BACHILLERATO,11,1,LOCALIDAD 1 USAQUEN,PARTIDO CONSERVADOR - PARTIDO COLOMBIA JUSTA LIBRES,NICOLAS SANCHEZ SALAZAR,1
6,SAN ANTONIO UNIÓN COLOMBIA,32,1,LOCALIDAD 1 USAQUEN,PARTIDO CONSERVADOR - PARTIDO COLOMBIA JUSTA LIBRES,NICOLAS SANCHEZ SALAZAR,1
7,COLEGIO AGUSTIN FERNANDEZ SEDE A,2,1,LOCALIDAD 1 USAQUEN,PARTIDO CONSERVADOR - PARTIDO COLOMBIA JUSTA LIBRES,NICOLAS SANCHEZ SALAZAR,1
7,COLEGIO AGUSTIN FERNANDEZ SEDE A,3,1,LOCALIDAD 1 USAQUEN,PARTIDO CONSERVADOR - PARTIDO COLOMBIA JUSTA LIBRES,NICOLAS SANCHEZ SALAZAR,1
11,INSTITUTO PEDAGOGICO NACIONAL,4,1,LOCALIDAD 1 USAQUEN,PARTIDO CONSERVADOR - PARTIDO COLOMBIA JUSTA LIBRES,NICOLAS SANCHEZ SALAZAR,1
12,CENTRO COMERCIAL UNICENTRO,50,1,LOCALIDAD 1 USAQUEN,PARTIDO CONSERVADOR - PARTIDO COLOMBIA JUSTA LIBRES,NICOLAS SANCHEZ SALAZAR,2
12,CENTRO COMERCIAL UNICENTRO,65,1,LOCALIDAD 1 USAQUEN,PARTIDO CONSERVADOR - PARTIDO COLOMBIA JUSTA LIBRES,NICOLAS SANCHEZ SALAZAR,1
12,CENTRO COMERCIAL UNICENTRO,71,1,LOCALIDAD 1 USAQUEN,PARTIDO CONSERVADOR - PARTIDO COLOMBIA JUSTA LIBRES,NICOLAS SANCHEZ SALAZAR,1
13,PLAZA MEXICO,27,1,LOCALIDAD 1 USAQUEN,PARTIDO CONSERVADOR - PARTIDO COLOMBIA JUSTA LIBRES,NICOLAS SANCHEZ SALAZAR,1
16,COLEGIO MONTERROSALES,3,1,LOCALIDAD 1 USAQUEN,PARTIDO CONSERVADOR - PARTIDO COLOMBIA JUSTA LIBRES,NICOLAS SANCHEZ SALAZAR,1
18,PARQUE CEDRITOS,3,1,LOCALIDAD 1 USAQUEN,PARTIDO CONSERVADOR - PARTIDO COLOMBIA JUSTA LIBRES,NICOLAS SANCHEZ SALAZAR,1
22,ALESSANDRO VOLTA,16,1,LOCALIDAD 1 USAQUEN,PARTIDO CONSERVADOR - PARTIDO COLOMBIA JUSTA LIBRES,NICOLAS SANCHEZ SALAZAR,1
22,ALESSANDRO VOLTA,20,1,LOCALIDAD 1 USAQUEN,PARTIDO CONSERVADOR - PARTIDO COLOMBIA JUSTA LIBRES,NICOLAS SANCHEZ SALAZAR,1
24,COLEGIO DISTRITAL CRISTOBAL COLON,6,1,LOCALIDAD 1 USAQUEN,PARTIDO CONSERVADOR - PARTIDO COLOMBIA JUSTA LIBRES,NICOLAS SANCHEZ SALAZAR,1
25,COLEGIO DISTRITAL DIVINO MAESTRO SEDE A,2,1,LOCALIDAD 1 USAQUEN,PARTIDO CONSERVADOR - PARTIDO COLOMBIA JUSTA LIBRES,NICOLAS SANCHEZ SALAZAR,1
25,COLEGIO DISTRITAL DIVINO MAESTRO SEDE A,4,1,LOCALIDAD 1 USAQUEN,PARTIDO CONSERVADOR - PARTIDO COLOMBIA JUSTA LIBRES,NICOLAS SANCHEZ SALAZAR,1
26,COLEGIO DISTRITAL DIVINO MAESTRO SEDE B,7,1,LOCALIDAD 1 USAQUEN,PARTIDO CONSERVADOR - PARTIDO COLOMBIA JUSTA LIBRES,NICOLAS SANCHEZ SALAZAR,1
28,COLEGIO GENERAL SANTANDER USAQUEN,14,1,LOCALIDAD 1 USAQUEN,PARTIDO CONSERVADOR - PARTIDO COLOMBIA JUSTA LIBRES,NICOLAS SANCHEZ SALAZAR,1
31,COLEGIO FRIEDRICH NAUMANN SEDE B,1,1,LOCALIDAD 1 USAQUEN,PARTIDO CONSERVADOR - PARTIDO COLOMBIA JUSTA LIBRES,NICOLAS SANCHEZ SALAZAR,2
36,COLEGIO SAN FRANCISCO CL 186,6,1,LOCALIDAD 1 USAQUEN,PARTIDO CONSERVADOR - PARTIDO COLOMBIA JUSTA LIBRES,NICOLAS SANCHEZ SALAZAR,1
41,COLEGIO CARDENAL SANCHA,11,1,LOCALIDAD 1 USAQUEN,PARTIDO CONSERVADOR - PARTIDO COLOMBIA JUSTA LIBRES,NICOLAS SANCHEZ SALAZAR,1
46,COLEGIO PUREZA DE MARIA,10,1,LOCALIDAD 1 USAQUEN,PARTIDO CONSERVADOR - PARTIDO COLOMBIA JUSTA LIBRES,NICOLAS SANCHEZ SALAZAR,1
53,COLEGIO MARIA AUXILIADORA NORTE,2,1,LOCALIDAD 1 USAQUEN,PARTIDO CONSERVADOR - PARTIDO COLOMBIA JUSTA LIBRES,NICOLAS SANCHEZ SALAZAR,1
6,UNIVERSIDAD SERGIO ARBOLEDA,1,2,LOCALIDAD 2 CHAPINERO,PARTIDO CONSERVADOR - PARTIDO COLOMBIA JUSTA LIBRES,NICOLAS SANCHEZ SALAZAR,1
11,SENA CALLE 52,4,2,LOCALIDAD 2 CHAPINERO,PARTIDO CONSERVADOR - PARTIDO COLOMBIA JUSTA LIBRES,NICOLAS SANCHEZ SALAZAR,1
21,U. SANTO TOMAS CLAUSTRO,2,2,LOCALIDAD 2 CHAPINERO,PARTIDO CONSERVADOR - PARTIDO COLOMBIA JUSTA LIBRES,NICOLAS SANCHEZ SALAZAR,1
12,MEDICINA LEGAL,5,3,LOCALIDAD 3 SANTA FE,PARTIDO CONSERVADOR - PARTIDO COLOMBIA JUSTA LIBRES,NICOLAS SANCHEZ SALAZAR,1
21,CENTRO COMERCIAL SAN MARTIN,2,3,LOCALIDAD 3 SANTA FE,PARTIDO CONSERVADOR - PARTIDO COLOMBIA JUSTA LIBRES,NICOLAS SANCHEZ SALAZAR,1
21,CENTRO COMERCIAL SAN MARTIN,4,3,LOCALIDAD 3 SANTA FE,PARTIDO CONSERVADOR - PARTIDO COLOMBIA JUSTA LIBRES,NICOLAS SANCHEZ SALAZAR,1
21,CENTRO COMERCIAL SAN MARTIN,8,3,LOCALIDAD 3 SANTA FE,PARTIDO CONSERVADOR - PARTIDO COLOMBIA JUSTA LIBRES,NICOLAS SANCHEZ SALAZAR,1
23,UNIVERSIDAD CENTRAL,3,3,LOCALIDAD 3 SANTA FE,PARTIDO CONSERVADOR - PARTIDO COLOMBIA JUSTA LIBRES,NICOLAS SANCHEZ SALAZAR,1
23,UNIVERSIDAD CENTRAL,4,3,LOCALIDAD 3 SANTA FE,PARTIDO CONSERVADOR - PARTIDO COLOMBIA JUSTA LIBRES,NICOLAS SANCHEZ SALAZAR,1
1,LAS BRISAS,15,4,LOCALIDAD 4 SAN CRISTOBAL,PARTIDO CONSERVADOR - PARTIDO COLOMBIA JUSTA LIBRES,NICOLAS SANCHEZ SALAZAR,1
3,SAN CRISTOBAL SUR,11,4,LOCALIDAD 4 SAN CRISTOBAL,PARTIDO CONSERVADOR - PARTIDO COLOMBIA JUSTA LIBRES,NICOLAS SANCHEZ SALAZAR,1
3,SAN CRISTOBAL SUR,13,4,LOCALIDAD 4 SAN CRISTOBAL,PARTIDO CONSERVADOR - PARTIDO COLOMBIA JUSTA LIBRES,NICOLAS SANCHEZ SALAZAR,1
3,SAN CRISTOBAL SUR,8,4,LOCALIDAD 4 SAN CRISTOBAL,PARTIDO CONSERVADOR - PARTIDO COLOMBIA JUSTA LIBRES,NICOLAS SANCHEZ SALAZAR,1
4,LAS MERCEDES,11,4,LOCALIDAD 4 SAN CRISTOBAL,PARTIDO CONSERVADOR - PARTIDO COLOMBIA JUSTA LIBRES,NICOLAS SANCHEZ SALAZAR,1
4,LAS MERCEDES,18,4,LOCALIDAD 4 SAN CRISTOBAL,PARTIDO CONSERVADOR - PARTIDO COLOMBIA JUSTA LIBRES,NICOLAS SANCHEZ SALAZAR,1
5,SAN BLAS,14,4,LOCALIDAD 4 SAN CRISTOBAL,PARTIDO CONSERVADOR - PARTIDO COLOMBIA JUSTA LIBRES,NICOLAS SANCHEZ SALAZAR,1
5,SAN BLAS,15,4,LOCALIDAD 4 SAN CRISTOBAL,PARTIDO CONSERVADOR - PARTIDO COLOMBIA JUSTA LIBRES,NICOLAS SANCHEZ SALAZAR,1
7,SOSIEGO,16,4,LOCALIDAD 4 SAN CRISTOBAL,PARTIDO CONSERVADOR - PARTIDO COLOMBIA JUSTA LIBRES,NICOLAS SANCHEZ SALAZAR,1
9,MONTEBELLO,8,4,LOCALIDAD 4 SAN CRISTOBAL,PARTIDO CONSERVADOR - PARTIDO COLOMBIA JUSTA LIBRES,NICOLAS SANCHEZ SALAZAR,1
10,RAMAJAL,4,4,LOCALIDAD 4 SAN CRISTOBAL,PARTIDO CONSERVADOR - PARTIDO COLOMBIA JUSTA LIBRES,NICOLAS SANCHEZ SALAZAR,1
12,SAN ISIDRO,20,4,LOCALIDAD 4 SAN CRISTOBAL,PARTIDO CONSERVADOR - PARTIDO COLOMBIA JUSTA LIBRES,NICOLAS SANCHEZ SALAZAR,1
14,SAN MARTIN DE LOBA SUR,9,4,LOCALIDAD 4 SAN CRISTOBAL,PARTIDO CONSERVADOR - PARTIDO COLOMBIA JUSTA LIBRES,NICOLAS SANCHEZ SALAZAR,1
16,CDC LA VICTORIA,37,4,LOCALIDAD 4 SAN CRISTOBAL,PARTIDO CONSERVADOR - PARTIDO COLOMBIA JUSTA LIBRES,NICOLAS SANCHEZ SALAZAR,1
19,REPUBLICA DEL CANADA,10,4,LOCALIDAD 4 SAN CRISTOBAL,PARTIDO CONSERVADOR - PARTIDO COLOMBIA JUSTA LIBRES,NICOLAS SANCHEZ SALAZAR,1
21,JUAN REY,3,4,LOCALIDAD 4 SAN CRISTOBAL,PARTIDO CONSERVADOR - PARTIDO COLOMBIA JUSTA LIBRES,NICOLAS SANCHEZ SALAZAR,1
22,VILLA DE LOS ALPES,16,4,LOCALIDAD 4 SAN CRISTOBAL,PARTIDO CONSERVADOR - PARTIDO COLOMBIA JUSTA LIBRES,NICOLAS SANCHEZ SALAZAR,1
22,VILLA DE LOS ALPES,5,4,LOCALIDAD 4 SAN CRISTOBAL,PARTIDO CONSERVADOR - PARTIDO COLOMBIA JUSTA LIBRES,NICOLAS SANCHEZ SALAZAR,1
27,ARBOLEDA SUR,11,4,LOCALIDAD 4 SAN CRISTOBAL,PARTIDO CONSERVADOR - PARTIDO COLOMBIA JUSTA LIBRES,NICOLAS SANCHEZ SALAZAR,1
29,COLISEO DEPORTIVO PRIMERA DE MAYO,5,4,LOCALIDAD 4 SAN CRISTOBAL,PARTIDO CONSERVADOR - PARTIDO COLOMBIA JUSTA LIBRES,NICOLAS SANCHEZ SALAZAR,0
36,ROMA COLSUBSIDIO,1,4,LOCALIDAD 4 SAN CRISTOBAL,PARTIDO CONSERVADOR - PARTIDO COLOMBIA JUSTA LIBRES,NICOLAS SANCHEZ SALAZAR,1
36,ROMA COLSUBSIDIO,3,4,LOCALIDAD 4 SAN CRISTOBAL,PARTIDO CONSERVADOR - PARTIDO COLOMBIA JUSTA LIBRES,NICOLAS SANCHEZ SALAZAR,1
37,LA GLORIA- ESCUELA ALTAMIRA,2,4,LOCALIDAD 4 SAN CRISTOBAL,PARTIDO CONSERVADOR - PARTIDO COLOMBIA JUSTA LIBRES,NICOLAS SANCHEZ SALAZAR,1
38,RAMAJAL AMAPOLAS,4,4,LOCALIDAD 4 SAN CRISTOBAL,PARTIDO CONSERVADOR - PARTIDO COLOMBIA JUSTA LIBRES,NICOLAS SANCHEZ SALAZAR,1
42,ATENAS,1,4,LOCALIDAD 4 SAN CRISTOBAL,PARTIDO CONSERVADOR - PARTIDO COLOMBIA JUSTA LIBRES,NICOLAS SANCHEZ SALAZAR,1
50,MORALBA,2,4,LOCALIDAD 4 SAN CRISTOBAL,PARTIDO CONSERVADOR - PARTIDO COLOMBIA JUSTA LIBRES,NICOLAS SANCHEZ SALAZAR,1
4,SANTA MARTA,22,5,LOCALIDAD 5 USME,PARTIDO CONSERVADOR - PARTIDO COLOMBIA JUSTA LIBRES,NICOLAS SANCHEZ SALAZAR,1
4,SANTA MARTA,5,5,LOCALIDAD 5 USME,PARTIDO CONSERVADOR - PARTIDO COLOMBIA JUSTA LIBRES,NICOLAS SANCHEZ SALAZAR,1
8,MARICHUELA,26,5,LOCALIDAD 5 USME,PARTIDO CONSERVADOR - PARTIDO COLOMBIA JUSTA LIBRES,NICOLAS SANCHEZ SALAZAR,1
9,LA AURORA,16,5,LOCALIDAD 5 USME,PARTIDO CONSERVADOR - PARTIDO COLOMBIA JUSTA LIBRES,NICOLAS SANCHEZ SALAZAR,1
9,LA AURORA,6,5,LOCALIDAD 5 USME,PARTIDO CONSERVADOR - PARTIDO COLOMBIA JUSTA LIBRES,NICOLAS SANCHEZ SALAZAR,1
10,CHUNIZA,27,5,LOCALIDAD 5 USME,PARTIDO CONSERVADOR - PARTIDO COLOMBIA JUSTA LIBRES,NICOLAS SANCHEZ SALAZAR,1
10,CHUNIZA,9,5,LOCALIDAD 5 USME,PARTIDO CONSERVADOR - PARTIDO COLOMBIA JUSTA LIBRES,NICOLAS SANCHEZ SALAZAR,1
14,EL VIRREY,16,5,LOCALIDAD 5 USME,PARTIDO CONSERVADOR - PARTIDO COLOMBIA JUSTA LIBRES,NICOLAS SANCHEZ SALAZAR,1
15,EL DANUBIO AZUL,23,5,LOCALIDAD 5 USME,PARTIDO CONSERVADOR - PARTIDO COLOMBIA JUSTA LIBRES,NICOLAS SANCHEZ SALAZAR,1
15,EL DANUBIO AZUL,5,5,LOCALIDAD 5 USME,PARTIDO CONSERVADOR - PARTIDO COLOMBIA JUSTA LIBRES,NICOLAS SANCHEZ SALAZAR,1
15,EL DANUBIO AZUL,9,5,LOCALIDAD 5 USME,PARTIDO CONSERVADOR - PARTIDO COLOMBIA JUSTA LIBRES,NICOLAS SANCHEZ SALAZAR,1
17,LA FORTALEZA,5,5,LOCALIDAD 5 USME,PARTIDO CONSERVADOR - PARTIDO COLOMBIA JUSTA LIBRES,NICOLAS SANCHEZ SALAZAR,1
18,EL BOSQUE,17,5,LOCALIDAD 5 USME,PARTIDO CONSERVADOR - PARTIDO COLOMBIA JUSTA LIBRES,NICOLAS SANCHEZ SALAZAR,2
19,VILLA HERMOSA,3,5,LOCALIDAD 5 USME,PARTIDO CONSERVADOR - PARTIDO COLOMBIA JUSTA LIBRES,NICOLAS SANCHEZ SALAZAR,1
20,VALLES DE CAFAM,4,5,LOCALIDAD 5 USME,PARTIDO CONSERVADOR - PARTIDO COLOMBIA JUSTA LIBRES,NICOLAS SANCHEZ SALAZAR,1
20,VALLES DE CAFAM,9,5,LOCALIDAD 5 USME,PARTIDO CONSERVADOR - PARTIDO COLOMBIA JUSTA LIBRES,NICOLAS SANCHEZ SALAZAR,1
21,LA FISCALA,4,5,LOCALIDAD 5 USME,PARTIDO CONSERVADOR - PARTIDO COLOMBIA JUSTA LIBRES,NICOLAS SANCHEZ SALAZAR,1
22,PORTAL USME,3,5,LOCALIDAD 5 USME,PARTIDO CONSERVADOR - PARTIDO COLOMBIA JUSTA LIBRES,NICOLAS SANCHEZ SALAZAR,1
26,GRAN YOMASA,8,5,LOCALIDAD 5 USME,PARTIDO CONSERVADOR - PARTIDO COLOMBIA JUSTA LIBRES,NICOLAS SANCHEZ SALAZAR,1
35,BRAZUELOS,6,5,LOCALIDAD 5 USME,PARTIDO CONSERVADOR - PARTIDO COLOMBIA JUSTA LIBRES,NICOLAS SANCHEZ SALAZAR,1
2,"FATIMA ""A""",15,6,LOCALIDAD 6 TUNJUELITO,PARTIDO CONSERVADOR - PARTIDO COLOMBIA JUSTA LIBRES,NICOLAS SANCHEZ SALAZAR,1
2,"FATIMA ""A""",28,6,LOCALIDAD 6 TUNJUELITO,PARTIDO CONSERVADOR - PARTIDO COLOMBIA JUSTA LIBRES,NICOLAS SANCHEZ SALAZAR,1
4,SAN CARLOS,15,6,LOCALIDAD 6 TUNJUELITO,PARTIDO CONSERVADOR - PARTIDO COLOMBIA JUSTA LIBRES,NICOLAS SANCHEZ SALAZAR,1
8,SAN VICENTE FERRER,30,6,LOCALIDAD 6 TUNJUELITO,PARTIDO CONSERVADOR - PARTIDO COLOMBIA JUSTA LIBRES,NICOLAS SANCHEZ SALAZAR,1
13,TUNJUELITO B,1,6,LOCALIDAD 6 TUNJUELITO,PARTIDO CONSERVADOR - PARTIDO COLOMBIA JUSTA LIBRES,NICOLAS SANCHEZ SALAZAR,1
13,TUNJUELITO B,6,6,LOCALIDAD 6 TUNJUELITO,PARTIDO CONSERVADOR - PARTIDO COLOMBIA JUSTA LIBRES,NICOLAS SANCHEZ SALAZAR,1
23,NUESTRA SEÑORA LAS VICTORIAS,1,6,LOCALIDAD 6 TUNJUELITO,PARTIDO CONSERVADOR - PARTIDO COLOMBIA JUSTA LIBRES,NICOLAS SANCHEZ SALAZAR,1
3,JOSE ANTONIO GALAN,9,7,LOCALIDAD 7 BOSA,PARTIDO CONSERVADOR - PARTIDO COLOMBIA JUSTA LIBRES,NICOLAS SANCHEZ SALAZAR,1
4,LA AMISTAD,17,7,LOCALIDAD 7 BOSA,PARTIDO CONSERVADOR - PARTIDO COLOMBIA JUSTA LIBRES,NICOLAS SANCHEZ SALAZAR,1
5,CARLOS ALBAN,17,7,LOCALIDAD 7 BOSA,PARTIDO CONSERVADOR - PARTIDO COLOMBIA JUSTA LIBRES,NICOLAS SANCHEZ SALAZAR,1
5,CARLOS ALBAN,30,7,LOCALIDAD 7 BOSA,PARTIDO CONSERVADOR - PARTIDO COLOMBIA JUSTA LIBRES,NICOLAS SANCHEZ SALAZAR,1
6,LA LIBERTAD,16,7,LOCALIDAD 7 BOSA,PARTIDO CONSERVADOR - PARTIDO COLOMBIA JUSTA LIBRES,NICOLAS SANCHEZ SALAZAR,1
6,LA LIBERTAD,3,7,LOCALIDAD 7 BOSA,PARTIDO CONSERVADOR - PARTIDO COLOMBIA JUSTA LIBRES,NICOLAS SANCHEZ SALAZAR,1
7,PIAMONTE,17,7,LOCALIDAD 7 BOSA,PARTIDO CONSERVADOR - PARTIDO COLOMBIA JUSTA LIBRES,NICOLAS SANCHEZ SALAZAR,1
7,PIAMONTE,18,7,LOCALIDAD 7 BOSA,PARTIDO CONSERVADOR - PARTIDO COLOMBIA JUSTA LIBRES,NICOLAS SANCHEZ SALAZAR,1
7,PIAMONTE,23,7,LOCALIDAD 7 BOSA,PARTIDO CONSERVADOR - PARTIDO COLOMBIA JUSTA LIBRES,NICOLAS SANCHEZ SALAZAR,1
7,PIAMONTE,7,7,LOCALIDAD 7 BOSA,PARTIDO CONSERVADOR - PARTIDO COLOMBIA JUSTA LIBRES,NICOLAS SANCHEZ SALAZAR,1
8,LA ESTACION,18,7,LOCALIDAD 7 BOSA,PARTIDO CONSERVADOR - PARTIDO COLOMBIA JUSTA LIBRES,NICOLAS SANCHEZ SALAZAR,1
10,PALESTINA,16,7,LOCALIDAD 7 BOSA,PARTIDO CONSERVADOR - PARTIDO COLOMBIA JUSTA LIBRES,NICOLAS SANCHEZ SALAZAR,1
11,ORLANDO HIGUITA,20,7,LOCALIDAD 7 BOSA,PARTIDO CONSERVADOR - PARTIDO COLOMBIA JUSTA LIBRES,NICOLAS SANCHEZ SALAZAR,1
11,ORLANDO HIGUITA,27,7,LOCALIDAD 7 BOSA,PARTIDO CONSERVADOR - PARTIDO COLOMBIA JUSTA LIBRES,NICOLAS SANCHEZ SALAZAR,1
13,BOSA BRASILIA,1,7,LOCALIDAD 7 BOSA,PARTIDO CONSERVADOR - PARTIDO COLOMBIA JUSTA LIBRES,NICOLAS SANCHEZ SALAZAR,1
13,BOSA BRASILIA,29,7,LOCALIDAD 7 BOSA,PARTIDO CONSERVADOR - PARTIDO COLOMBIA JUSTA LIBRES,NICOLAS SANCHEZ SALAZAR,1
14,ISLANDIA,20,7,LOCALIDAD 7 BOSA,PARTIDO CONSERVADOR - PARTIDO COLOMBIA JUSTA LIBRES,NICOLAS SANCHEZ SALAZAR,1
15,JIMENEZ DE QUESADA,6,7,LOCALIDAD 7 BOSA,PARTIDO CONSERVADOR - PARTIDO COLOMBIA JUSTA LIBRES,NICOLAS SANCHEZ SALAZAR,1
22,EL RECREO,12,7,LOCALIDAD 7 BOSA,PARTIDO CONSERVADOR - PARTIDO COLOMBIA JUSTA LIBRES,NICOLAS SANCHEZ SALAZAR,1
22,EL RECREO,14,7,LOCALIDAD 7 BOSA,PARTIDO CONSERVADOR - PARTIDO COLOMBIA JUSTA LIBRES,NICOLAS SANCHEZ SALAZAR,1
22,EL RECREO,17,7,LOCALIDAD 7 BOSA,PARTIDO CONSERVADOR - PARTIDO COLOMBIA JUSTA LIBRES,NICOLAS SANCHEZ SALAZAR,1
22,EL RECREO,5,7,LOCALIDAD 7 BOSA,PARTIDO CONSERVADOR - PARTIDO COLOMBIA JUSTA LIBRES,NICOLAS SANCHEZ SALAZAR,1
23,LA ESPERANZA,10,7,LOCALIDAD 7 BOSA,PARTIDO CONSERVADOR - PARTIDO COLOMBIA JUSTA LIBRES,NICOLAS SANCHEZ SALAZAR,1
24,FRANCISCO DE PAULA SANTANDER,4,7,LOCALIDAD 7 BOSA,PARTIDO CONSERVADOR - PARTIDO COLOMBIA JUSTA LIBRES,NICOLAS SANCHEZ SALAZAR,1
26,ATALAYAS,3,7,LOCALIDAD 7 BOSA,PARTIDO CONSERVADOR - PARTIDO COLOMBIA JUSTA LIBRES,NICOLAS SANCHEZ SALAZAR,1
26,ATALAYAS,8,7,LOCALIDAD 7 BOSA,PARTIDO CONSERVADOR - PARTIDO COLOMBIA JUSTA LIBRES,NICOLAS SANCHEZ SALAZAR,1
29,CIUDADELA EL PORVENIR,40,7,LOCALIDAD 7 BOSA,PARTIDO CONSERVADOR - PARTIDO COLOMBIA JUSTA LIBRES,NICOLAS SANCHEZ SALAZAR,1
32,LAURELES II,10,7,LOCALIDAD 7 BOSA,PARTIDO CONSERVADOR - PARTIDO COLOMBIA JUSTA LIBRES,NICOLAS SANCHEZ SALAZAR,1
36,LLANO ORIENTAL,5,7,LOCALIDAD 7 BOSA,PARTIDO CONSERVADOR - PARTIDO COLOMBIA JUSTA LIBRES,NICOLAS SANCHEZ SALAZAR,1
37,CARBONELL,9,7,LOCALIDAD 7 BOSA,PARTIDO CONSERVADOR - PARTIDO COLOMBIA JUSTA LIBRES,NICOLAS SANCHEZ SALAZAR,1
41,CLARETIANO,18,7,LOCALIDAD 7 BOSA,PARTIDO CONSERVADOR - PARTIDO COLOMBIA JUSTA LIBRES,NICOLAS SANCHEZ SALAZAR,1
43,HOLANDA,4,7,LOCALIDAD 7 BOSA,PARTIDO CONSERVADOR - PARTIDO COLOMBIA JUSTA LIBRES,NICOLAS SANCHEZ SALAZAR,1
43,HOLANDA,6,7,LOCALIDAD 7 BOSA,PARTIDO CONSERVADOR - PARTIDO COLOMBIA JUSTA LIBRES,NICOLAS SANCHEZ SALAZAR,1
43,HOLANDA,8,7,LOCALIDAD 7 BOSA,PARTIDO CONSERVADOR - PARTIDO COLOMBIA JUSTA LIBRES,NICOLAS SANCHEZ SALAZAR,1
68,COLEGIO JORGE ISAACS,2,7,LOCALIDAD 7 BOSA,PARTIDO CONSERVADOR - PARTIDO COLOMBIA JUSTA LIBRES,NICOLAS SANCHEZ SALAZAR,1
70,PARQUES DE BOGOTA,5,7,LOCALIDAD 7 BOSA,PARTIDO CONSERVADOR - PARTIDO COLOMBIA JUSTA LIBRES,NICOLAS SANCHEZ SALAZAR,1
2,ROMA,11,8,LOCALIDAD  8 KENNEDY,PARTIDO CONSERVADOR - PARTIDO COLOMBIA JUSTA LIBRES,NICOLAS SANCHEZ SALAZAR,1
2,ROMA,35,8,LOCALIDAD  8 KENNEDY,PARTIDO CONSERVADOR - PARTIDO COLOMBIA JUSTA LIBRES,NICOLAS SANCHEZ SALAZAR,1
3,PERPETUO SOCORRO,8,8,LOCALIDAD  8 KENNEDY,PARTIDO CONSERVADOR - PARTIDO COLOMBIA JUSTA LIBRES,NICOLAS SANCHEZ SALAZAR,1
4,CATALINA,18,8,LOCALIDAD  8 KENNEDY,PARTIDO CONSERVADOR - PARTIDO COLOMBIA JUSTA LIBRES,NICOLAS SANCHEZ SALAZAR,1
5,CASABLANCA 32,18,8,LOCALIDAD  8 KENNEDY,PARTIDO CONSERVADOR - PARTIDO COLOMBIA JUSTA LIBRES,NICOLAS SANCHEZ SALAZAR,1
5,CASABLANCA 32,23,8,LOCALIDAD  8 KENNEDY,PARTIDO CONSERVADOR - PARTIDO COLOMBIA JUSTA LIBRES,NICOLAS SANCHEZ SALAZAR,1
5,CASABLANCA 32,29,8,LOCALIDAD  8 KENNEDY,PARTIDO CONSERVADOR - PARTIDO COLOMBIA JUSTA LIBRES,NICOLAS SANCHEZ SALAZAR,1
7,GRAN COLOMBIANO,13,8,LOCALIDAD  8 KENNEDY,PARTIDO CONSERVADOR - PARTIDO COLOMBIA JUSTA LIBRES,NICOLAS SANCHEZ SALAZAR,1
7,GRAN COLOMBIANO,8,8,LOCALIDAD  8 KENNEDY,PARTIDO CONSERVADOR - PARTIDO COLOMBIA JUSTA LIBRES,NICOLAS SANCHEZ SALAZAR,1
9,CARLOS ARTURO TORRES,12,8,LOCALIDAD  8 KENNEDY,PARTIDO CONSERVADOR - PARTIDO COLOMBIA JUSTA LIBRES,NICOLAS SANCHEZ SALAZAR,1
9,CARLOS ARTURO TORRES,26,8,LOCALIDAD  8 KENNEDY,PARTIDO CONSERVADOR - PARTIDO COLOMBIA JUSTA LIBRES,NICOLAS SANCHEZ SALAZAR,1
11,COLEGIO ALFONSO LOPEZ PUMAREJO,13,8,LOCALIDAD  8 KENNEDY,PARTIDO CONSERVADOR - PARTIDO COLOMBIA JUSTA LIBRES,NICOLAS SANCHEZ SALAZAR,1
12,FRANCISCO MIRANDA,10,8,LOCALIDAD  8 KENNEDY,PARTIDO CONSERVADOR - PARTIDO COLOMBIA JUSTA LIBRES,NICOLAS SANCHEZ SALAZAR,1
16,EL JAPON,10,8,LOCALIDAD  8 KENNEDY,PARTIDO CONSERVADOR - PARTIDO COLOMBIA JUSTA LIBRES,NICOLAS SANCHEZ SALAZAR,1
19,PATIO BONITO,52,8,LOCALIDAD  8 KENNEDY,PARTIDO CONSERVADOR - PARTIDO COLOMBIA JUSTA LIBRES,NICOLAS SANCHEZ SALAZAR,1
19,PATIO BONITO,8,8,LOCALIDAD  8 KENNEDY,PARTIDO CONSERVADOR - PARTIDO COLOMBIA JUSTA LIBRES,NICOLAS SANCHEZ SALAZAR,1
22,PROSPERO PINZON,17,8,LOCALIDAD  8 KENNEDY,PARTIDO CONSERVADOR - PARTIDO COLOMBIA JUSTA LIBRES,NICOLAS SANCHEZ SALAZAR,1
23,COLEGIO LA AMISTAD,15,8,LOCALIDAD  8 KENNEDY,PARTIDO CONSERVADOR - PARTIDO COLOMBIA JUSTA LIBRES,NICOLAS SANCHEZ SALAZAR,1
24,LOS HEROES,5,8,LOCALIDAD  8 KENNEDY,PARTIDO CONSERVADOR - PARTIDO COLOMBIA JUSTA LIBRES,NICOLAS SANCHEZ SALAZAR,1
24,LOS HEROES,8,8,LOCALIDAD  8 KENNEDY,PARTIDO CONSERVADOR - PARTIDO COLOMBIA JUSTA LIBRES,NICOLAS SANCHEZ SALAZAR,1
25,COLEGIO OEA,7,8,LOCALIDAD  8 KENNEDY,PARTIDO CONSERVADOR - PARTIDO COLOMBIA JUSTA LIBRES,NICOLAS SANCHEZ SALAZAR,1
26,FLORALIA,11,8,LOCALIDAD  8 KENNEDY,PARTIDO CONSERVADOR - PARTIDO COLOMBIA JUSTA LIBRES,NICOLAS SANCHEZ SALAZAR,1
29,SUPERIOR AMERICANO,20,8,LOCALIDAD  8 KENNEDY,PARTIDO CONSERVADOR - PARTIDO COLOMBIA JUSTA LIBRES,NICOLAS SANCHEZ SALAZAR,1
29,SUPERIOR AMERICANO,21,8,LOCALIDAD  8 KENNEDY,PARTIDO CONSERVADOR - PARTIDO COLOMBIA JUSTA LIBRES,NICOLAS SANCHEZ SALAZAR,1
33,MANDALAY - COLEGIO KENNEDY,19,8,LOCALIDAD  8 KENNEDY,PARTIDO CONSERVADOR - PARTIDO COLOMBIA JUSTA LIBRES,NICOLAS SANCHEZ SALAZAR,1
33,MANDALAY - COLEGIO KENNEDY,28,8,LOCALIDAD  8 KENNEDY,PARTIDO CONSERVADOR - PARTIDO COLOMBIA JUSTA LIBRES,NICOLAS SANCHEZ SALAZAR,1
35,COLEGIO NUEVA CASTILLA,1,8,LOCALIDAD  8 KENNEDY,PARTIDO CONSERVADOR - PARTIDO COLOMBIA JUSTA LIBRES,NICOLAS SANCHEZ SALAZAR,1
35,COLEGIO NUEVA CASTILLA,18,8,LOCALIDAD  8 KENNEDY,PARTIDO CONSERVADOR - PARTIDO COLOMBIA JUSTA LIBRES,NICOLAS SANCHEZ SALAZAR,1
37,JAIRO ANIBAL NIÑO,15,8,LOCALIDAD  8 KENNEDY,PARTIDO CONSERVADOR - PARTIDO COLOMBIA JUSTA LIBRES,NICOLAS SANCHEZ SALAZAR,1
38,VISION DE COLOMBIA,15,8,LOCALIDAD  8 KENNEDY,PARTIDO CONSERVADOR - PARTIDO COLOMBIA JUSTA LIBRES,NICOLAS SANCHEZ SALAZAR,1
38,VISION DE COLOMBIA,35,8,LOCALIDAD  8 KENNEDY,PARTIDO CONSERVADOR - PARTIDO COLOMBIA JUSTA LIBRES,NICOLAS SANCHEZ SALAZAR,1
39,ALMENAR,10,8,LOCALIDAD  8 KENNEDY,PARTIDO CONSERVADOR - PARTIDO COLOMBIA JUSTA LIBRES,NICOLAS SANCHEZ SALAZAR,1
39,ALMENAR,15,8,LOCALIDAD  8 KENNEDY,PARTIDO CONSERVADOR - PARTIDO COLOMBIA JUSTA LIBRES,NICOLAS SANCHEZ SALAZAR,1
40,COLEGIO ALQUERIA,16,8,LOCALIDAD  8 KENNEDY,PARTIDO CONSERVADOR - PARTIDO COLOMBIA JUSTA LIBRES,NICOLAS SANCHEZ SALAZAR,1
40,COLEGIO ALQUERIA,21,8,LOCALIDAD  8 KENNEDY,PARTIDO CONSERVADOR - PARTIDO COLOMBIA JUSTA LIBRES,NICOLAS SANCHEZ SALAZAR,1
44,LAS PALMERAS,13,8,LOCALIDAD  8 KENNEDY,PARTIDO CONSERVADOR - PARTIDO COLOMBIA JUSTA LIBRES,NICOLAS SANCHEZ SALAZAR,1
44,LAS PALMERAS,17,8,LOCALIDAD  8 KENNEDY,PARTIDO CONSERVADOR - PARTIDO COLOMBIA JUSTA LIBRES,NICOLAS SANCHEZ SALAZAR,1
51,COLEGIO GUSTAVO ROJAS PINILLA,6,8,LOCALIDAD  8 KENNEDY,PARTIDO CONSERVADOR - PARTIDO COLOMBIA JUSTA LIBRES,NICOLAS SANCHEZ SALAZAR,1
51,COLEGIO GUSTAVO ROJAS PINILLA,9,8,LOCALIDAD  8 KENNEDY,PARTIDO CONSERVADOR - PARTIDO COLOMBIA JUSTA LIBRES,NICOLAS SANCHEZ SALAZAR,1
52,COLEGIO CLASS I D E SEDE B ROMA,14,8,LOCALIDAD  8 KENNEDY,PARTIDO CONSERVADOR - PARTIDO COLOMBIA JUSTA LIBRES,NICOLAS SANCHEZ SALAZAR,1
57,CAMPO BELLO,17,8,LOCALIDAD  8 KENNEDY,PARTIDO CONSERVADOR - PARTIDO COLOMBIA JUSTA LIBRES,NICOLAS SANCHEZ SALAZAR,1
57,CAMPO BELLO,3,8,LOCALIDAD  8 KENNEDY,PARTIDO CONSERVADOR - PARTIDO COLOMBIA JUSTA LIBRES,NICOLAS SANCHEZ SALAZAR,1
58,PATIOS,5,8,LOCALIDAD  8 KENNEDY,PARTIDO CONSERVADOR - PARTIDO COLOMBIA JUSTA LIBRES,NICOLAS SANCHEZ SALAZAR,1
59,MANUEL CEPEDA,1,8,LOCALIDAD  8 KENNEDY,PARTIDO CONSERVADOR - PARTIDO COLOMBIA JUSTA LIBRES,NICOLAS SANCHEZ SALAZAR,1
59,MANUEL CEPEDA,9,8,LOCALIDAD  8 KENNEDY,PARTIDO CONSERVADOR - PARTIDO COLOMBIA JUSTA LIBRES,NICOLAS SANCHEZ SALAZAR,2
60,CENTRO COMERCIAL EL EDEN,16,8,LOCALIDAD  8 KENNEDY,PARTIDO CONSERVADOR - PARTIDO COLOMBIA JUSTA LIBRES,NICOLAS SANCHEZ SALAZAR,1
60,CENTRO COMERCIAL EL EDEN,43,8,LOCALIDAD  8 KENNEDY,PARTIDO CONSERVADOR - PARTIDO COLOMBIA JUSTA LIBRES,NICOLAS SANCHEZ SALAZAR,1
60,CENTRO COMERCIAL EL EDEN,47,8,LOCALIDAD  8 KENNEDY,PARTIDO CONSERVADOR - PARTIDO COLOMBIA JUSTA LIBRES,NICOLAS SANCHEZ SALAZAR,1
63,CENTRO DE DESARROLLO COMUNITARIO KENNEDY,6,8,LOCALIDAD  8 KENNEDY,PARTIDO CONSERVADOR - PARTIDO COLOMBIA JUSTA LIBRES,NICOLAS SANCHEZ SALAZAR,1
64,COLEGIO RODRIGO TRIANA,24,8,LOCALIDAD  8 KENNEDY,PARTIDO CONSERVADOR - PARTIDO COLOMBIA JUSTA LIBRES,NICOLAS SANCHEZ SALAZAR,2
72,COLEGIO SAN PEDRO CLAVER SEDE A,10,8,LOCALIDAD  8 KENNEDY,PARTIDO CONSERVADOR - PARTIDO COLOMBIA JUSTA LIBRES,NICOLAS SANCHEZ SALAZAR,1
87,SALON COMUNAL MARSELLA,4,8,LOCALIDAD  8 KENNEDY,PARTIDO CONSERVADOR - PARTIDO COLOMBIA JUSTA LIBRES,NICOLAS SANCHEZ SALAZAR,1
98,SALON COMUNAL VILLA CLAUDIA,1,8,LOCALIDAD  8 KENNEDY,PARTIDO CONSERVADOR - PARTIDO COLOMBIA JUSTA LIBRES,NICOLAS SANCHEZ SALAZAR,1
B1,POLIDEPORTIVO CASTILLA,3,8,LOCALIDAD  8 KENNEDY,PARTIDO CONSERVADOR - PARTIDO COLOMBIA JUSTA LIBRES,NICOLAS SANCHEZ SALAZAR,2
2,VILLEMAR,20,9,LOCALIDAD 9 FONTIBON,PARTIDO CONSERVADOR - PARTIDO COLOMBIA JUSTA LIBRES,NICOLAS SANCHEZ SALAZAR,1
3,HAYUELOS CENTRO COMERCIAL,20,9,LOCALIDAD 9 FONTIBON,PARTIDO CONSERVADOR - PARTIDO COLOMBIA JUSTA LIBRES,NICOLAS SANCHEZ SALAZAR,1
3,HAYUELOS CENTRO COMERCIAL,53,9,LOCALIDAD 9 FONTIBON,PARTIDO CONSERVADOR - PARTIDO COLOMBIA JUSTA LIBRES,NICOLAS SANCHEZ SALAZAR,1
4,BELEN,12,9,LOCALIDAD 9 FONTIBON,PARTIDO CONSERVADOR - PARTIDO COLOMBIA JUSTA LIBRES,NICOLAS SANCHEZ SALAZAR,1
4,BELEN,16,9,LOCALIDAD 9 FONTIBON,PARTIDO CONSERVADOR - PARTIDO COLOMBIA JUSTA LIBRES,NICOLAS SANCHEZ SALAZAR,1
4,BELEN,32,9,LOCALIDAD 9 FONTIBON,PARTIDO CONSERVADOR - PARTIDO COLOMBIA JUSTA LIBRES,NICOLAS SANCHEZ SALAZAR,1
4,BELEN,7,9,LOCALIDAD 9 FONTIBON,PARTIDO CONSERVADOR - PARTIDO COLOMBIA JUSTA LIBRES,NICOLAS SANCHEZ SALAZAR,1
6,VERSALLES,35,9,LOCALIDAD 9 FONTIBON,PARTIDO CONSERVADOR - PARTIDO COLOMBIA JUSTA LIBRES,NICOLAS SANCHEZ SALAZAR,1
6,VERSALLES,39,9,LOCALIDAD 9 FONTIBON,PARTIDO CONSERVADOR - PARTIDO COLOMBIA JUSTA LIBRES,NICOLAS SANCHEZ SALAZAR,1
8,MODELIA SUR,11,9,LOCALIDAD 9 FONTIBON,PARTIDO CONSERVADOR - PARTIDO COLOMBIA JUSTA LIBRES,NICOLAS SANCHEZ SALAZAR,1
9,SANTA CECILIA - MODELIA,15,9,LOCALIDAD 9 FONTIBON,PARTIDO CONSERVADOR - PARTIDO COLOMBIA JUSTA LIBRES,NICOLAS SANCHEZ SALAZAR,1
9,SANTA CECILIA - MODELIA,3,9,LOCALIDAD 9 FONTIBON,PARTIDO CONSERVADOR - PARTIDO COLOMBIA JUSTA LIBRES,NICOLAS SANCHEZ SALAZAR,1
9,SANTA CECILIA - MODELIA,9,9,LOCALIDAD 9 FONTIBON,PARTIDO CONSERVADOR - PARTIDO COLOMBIA JUSTA LIBRES,NICOLAS SANCHEZ SALAZAR,1
10,CENTRO A,16,9,LOCALIDAD 9 FONTIBON,PARTIDO CONSERVADOR - PARTIDO COLOMBIA JUSTA LIBRES,NICOLAS SANCHEZ SALAZAR,1
11,LA LAGUNA,4,9,LOCALIDAD 9 FONTIBON,PARTIDO CONSERVADOR - PARTIDO COLOMBIA JUSTA LIBRES,NICOLAS SANCHEZ SALAZAR,1
15,AGUSTINIANO SALITRE,1,9,LOCALIDAD 9 FONTIBON,PARTIDO CONSERVADOR - PARTIDO COLOMBIA JUSTA LIBRES,NICOLAS SANCHEZ SALAZAR,1
15,AGUSTINIANO SALITRE,10,9,LOCALIDAD 9 FONTIBON,PARTIDO CONSERVADOR - PARTIDO COLOMBIA JUSTA LIBRES,NICOLAS SANCHEZ SALAZAR,1
15,AGUSTINIANO SALITRE,23,9,LOCALIDAD 9 FONTIBON,PARTIDO CONSERVADOR - PARTIDO COLOMBIA JUSTA LIBRES,NICOLAS SANCHEZ SALAZAR,1
16,TRES ELEFANTES- LA ESPERANZA,17,9,LOCALIDAD 9 FONTIBON,PARTIDO CONSERVADOR - PARTIDO COLOMBIA JUSTA LIBRES,NICOLAS SANCHEZ SALAZAR,1
17,PUENTE GRANDE,5,9,LOCALIDAD 9 FONTIBON,PARTIDO CONSERVADOR - PARTIDO COLOMBIA JUSTA LIBRES,NICOLAS SANCHEZ SALAZAR,1
18,ZONA FRANCA,7,9,LOCALIDAD 9 FONTIBON,PARTIDO CONSERVADOR - PARTIDO COLOMBIA JUSTA LIBRES,NICOLAS SANCHEZ SALAZAR,1
23,MODELIA REAL,12,9,LOCALIDAD 9 FONTIBON,PARTIDO CONSERVADOR - PARTIDO COLOMBIA JUSTA LIBRES,NICOLAS SANCHEZ SALAZAR,1
27,HAYUELOS JUMBO,17,9,LOCALIDAD 9 FONTIBON,PARTIDO CONSERVADOR - PARTIDO COLOMBIA JUSTA LIBRES,NICOLAS SANCHEZ SALAZAR,1
34,MULTIPLAZA,20,9,LOCALIDAD 9 FONTIBON,PARTIDO CONSERVADOR - PARTIDO COLOMBIA JUSTA LIBRES,NICOLAS SANCHEZ SALAZAR,1
35,SALITRE PLAZA,29,9,LOCALIDAD 9 FONTIBON,PARTIDO CONSERVADOR - PARTIDO COLOMBIA JUSTA LIBRES,NICOLAS SANCHEZ SALAZAR,1
1,BOYACA,13,10,LOCALIDAD 10 ENGATIVA,PARTIDO CONSERVADOR - PARTIDO COLOMBIA JUSTA LIBRES,NICOLAS SANCHEZ SALAZAR,1
2,ENGATIVA,24,10,LOCALIDAD 10 ENGATIVA,PARTIDO CONSERVADOR - PARTIDO COLOMBIA JUSTA LIBRES,NICOLAS SANCHEZ SALAZAR,1
3,NORMANDIA,14,10,LOCALIDAD 10 ENGATIVA,PARTIDO CONSERVADOR - PARTIDO COLOMBIA JUSTA LIBRES,NICOLAS SANCHEZ SALAZAR,1
3,NORMANDIA,24,10,LOCALIDAD 10 ENGATIVA,PARTIDO CONSERVADOR - PARTIDO COLOMBIA JUSTA LIBRES,NICOLAS SANCHEZ SALAZAR,1
3,NORMANDIA,27,10,LOCALIDAD 10 ENGATIVA,PARTIDO CONSERVADOR - PARTIDO COLOMBIA JUSTA LIBRES,NICOLAS SANCHEZ SALAZAR,1
6,EL LUJAN,11,10,LOCALIDAD 10 ENGATIVA,PARTIDO CONSERVADOR - PARTIDO COLOMBIA JUSTA LIBRES,NICOLAS SANCHEZ SALAZAR,1
6,EL LUJAN,3,10,LOCALIDAD 10 ENGATIVA,PARTIDO CONSERVADOR - PARTIDO COLOMBIA JUSTA LIBRES,NICOLAS SANCHEZ SALAZAR,1
6,EL LUJAN,5,10,LOCALIDAD 10 ENGATIVA,PARTIDO CONSERVADOR - PARTIDO COLOMBIA JUSTA LIBRES,NICOLAS SANCHEZ SALAZAR,1
7,VILLA LUZ,20,10,LOCALIDAD 10 ENGATIVA,PARTIDO CONSERVADOR - PARTIDO COLOMBIA JUSTA LIBRES,NICOLAS SANCHEZ SALAZAR,1
7,VILLA LUZ,3,10,LOCALIDAD 10 ENGATIVA,PARTIDO CONSERVADOR - PARTIDO COLOMBIA JUSTA LIBRES,NICOLAS SANCHEZ SALAZAR,1
8,LOS ALAMOS,4,10,LOCALIDAD 10 ENGATIVA,PARTIDO CONSERVADOR - PARTIDO COLOMBIA JUSTA LIBRES,NICOLAS SANCHEZ SALAZAR,1
9,VILLA AMALIA,26,10,LOCALIDAD 10 ENGATIVA,PARTIDO CONSERVADOR - PARTIDO COLOMBIA JUSTA LIBRES,NICOLAS SANCHEZ SALAZAR,1
11,GARCES NAVAS,15,10,LOCALIDAD 10 ENGATIVA,PARTIDO CONSERVADOR - PARTIDO COLOMBIA JUSTA LIBRES,NICOLAS SANCHEZ SALAZAR,1
11,GARCES NAVAS,19,10,LOCALIDAD 10 ENGATIVA,PARTIDO CONSERVADOR - PARTIDO COLOMBIA JUSTA LIBRES,NICOLAS SANCHEZ SALAZAR,1
11,GARCES NAVAS,31,10,LOCALIDAD 10 ENGATIVA,PARTIDO CONSERVADOR - PARTIDO COLOMBIA JUSTA LIBRES,NICOLAS SANCHEZ SALAZAR,1
11,GARCES NAVAS,41,10,LOCALIDAD 10 ENGATIVA,PARTIDO CONSERVADOR - PARTIDO COLOMBIA JUSTA LIBRES,NICOLAS SANCHEZ SALAZAR,1
11,GARCES NAVAS,47,10,LOCALIDAD 10 ENGATIVA,PARTIDO CONSERVADOR - PARTIDO COLOMBIA JUSTA LIBRES,NICOLAS SANCHEZ SALAZAR,1
11,GARCES NAVAS,52,10,LOCALIDAD 10 ENGATIVA,PARTIDO CONSERVADOR - PARTIDO COLOMBIA JUSTA LIBRES,NICOLAS SANCHEZ SALAZAR,1
11,GARCES NAVAS,9,10,LOCALIDAD 10 ENGATIVA,PARTIDO CONSERVADOR - PARTIDO COLOMBIA JUSTA LIBRES,NICOLAS SANCHEZ SALAZAR,1
12,BOCHICA,24,10,LOCALIDAD 10 ENGATIVA,PARTIDO CONSERVADOR - PARTIDO COLOMBIA JUSTA LIBRES,NICOLAS SANCHEZ SALAZAR,1
12,BOCHICA,56,10,LOCALIDAD 10 ENGATIVA,PARTIDO CONSERVADOR - PARTIDO COLOMBIA JUSTA LIBRES,NICOLAS SANCHEZ SALAZAR,1
13,LOS ALAMOS NORTE,8,10,LOCALIDAD 10 ENGATIVA,PARTIDO CONSERVADOR - PARTIDO COLOMBIA JUSTA LIBRES,NICOLAS SANCHEZ SALAZAR,1
14,LA SALINA,13,10,LOCALIDAD 10 ENGATIVA,PARTIDO CONSERVADOR - PARTIDO COLOMBIA JUSTA LIBRES,NICOLAS SANCHEZ SALAZAR,1
14,LA SALINA,18,10,LOCALIDAD 10 ENGATIVA,PARTIDO CONSERVADOR - PARTIDO COLOMBIA JUSTA LIBRES,NICOLAS SANCHEZ SALAZAR,1
14,LA SALINA,28,10,LOCALIDAD 10 ENGATIVA,PARTIDO CONSERVADOR - PARTIDO COLOMBIA JUSTA LIBRES,NICOLAS SANCHEZ SALAZAR,1
14,LA SALINA,4,10,LOCALIDAD 10 ENGATIVA,PARTIDO CONSERVADOR - PARTIDO COLOMBIA JUSTA LIBRES,NICOLAS SANCHEZ SALAZAR,1
16,SANTA HELENITA,11,10,LOCALIDAD 10 ENGATIVA,PARTIDO CONSERVADOR - PARTIDO COLOMBIA JUSTA LIBRES,NICOLAS SANCHEZ SALAZAR,1
18,LA ESTRADA,10,10,LOCALIDAD 10 ENGATIVA,PARTIDO CONSERVADOR - PARTIDO COLOMBIA JUSTA LIBRES,NICOLAS SANCHEZ SALAZAR,1
21,BONANZA,17,10,LOCALIDAD 10 ENGATIVA,PARTIDO CONSERVADOR - PARTIDO COLOMBIA JUSTA LIBRES,NICOLAS SANCHEZ SALAZAR,1
22,STA. MARIA DEL LAGO,11,10,LOCALIDAD 10 ENGATIVA,PARTIDO CONSERVADOR - PARTIDO COLOMBIA JUSTA LIBRES,NICOLAS SANCHEZ SALAZAR,1
22,STA. MARIA DEL LAGO,2,10,LOCALIDAD 10 ENGATIVA,PARTIDO CONSERVADOR - PARTIDO COLOMBIA JUSTA LIBRES,NICOLAS SANCHEZ SALAZAR,1
24,FLORENCIA,9,10,LOCALIDAD 10 ENGATIVA,PARTIDO CONSERVADOR - PARTIDO COLOMBIA JUSTA LIBRES,NICOLAS SANCHEZ SALAZAR,1
25,SANTA ROSITA,14,10,LOCALIDAD 10 ENGATIVA,PARTIDO CONSERVADOR - PARTIDO COLOMBIA JUSTA LIBRES,NICOLAS SANCHEZ SALAZAR,1
25,SANTA ROSITA,15,10,LOCALIDAD 10 ENGATIVA,PARTIDO CONSERVADOR - PARTIDO COLOMBIA JUSTA LIBRES,NICOLAS SANCHEZ SALAZAR,1
25,SANTA ROSITA,2,10,LOCALIDAD 10 ENGATIVA,PARTIDO CONSERVADOR - PARTIDO COLOMBIA JUSTA LIBRES,NICOLAS SANCHEZ SALAZAR,1
25,SANTA ROSITA,22,10,LOCALIDAD 10 ENGATIVA,PARTIDO CONSERVADOR - PARTIDO COLOMBIA JUSTA LIBRES,NICOLAS SANCHEZ SALAZAR,1
25,SANTA ROSITA,40,10,LOCALIDAD 10 ENGATIVA,PARTIDO CONSERVADOR - PARTIDO COLOMBIA JUSTA LIBRES,NICOLAS SANCHEZ SALAZAR,1
26,QUIRIGUA,5,10,LOCALIDAD 10 ENGATIVA,PARTIDO CONSERVADOR - PARTIDO COLOMBIA JUSTA LIBRES,NICOLAS SANCHEZ SALAZAR,1
28,MINUTO DE DIOS,20,10,LOCALIDAD 10 ENGATIVA,PARTIDO CONSERVADOR - PARTIDO COLOMBIA JUSTA LIBRES,NICOLAS SANCHEZ SALAZAR,1
28,MINUTO DE DIOS,34,10,LOCALIDAD 10 ENGATIVA,PARTIDO CONSERVADOR - PARTIDO COLOMBIA JUSTA LIBRES,NICOLAS SANCHEZ SALAZAR,1
34,EL CORTIJO,18,10,LOCALIDAD 10 ENGATIVA,PARTIDO CONSERVADOR - PARTIDO COLOMBIA JUSTA LIBRES,NICOLAS SANCHEZ SALAZAR,1
34,EL CORTIJO,36,10,LOCALIDAD 10 ENGATIVA,PARTIDO CONSERVADOR - PARTIDO COLOMBIA JUSTA LIBRES,NICOLAS SANCHEZ SALAZAR,1
34,EL CORTIJO,38,10,LOCALIDAD 10 ENGATIVA,PARTIDO CONSERVADOR - PARTIDO COLOMBIA JUSTA LIBRES,NICOLAS SANCHEZ SALAZAR,1
36,SAN IGNACIO,4,10,LOCALIDAD 10 ENGATIVA,PARTIDO CONSERVADOR - PARTIDO COLOMBIA JUSTA LIBRES,NICOLAS SANCHEZ SALAZAR,1
40,CIUDADELA COLSUBSIDIO,19,10,LOCALIDAD 10 ENGATIVA,PARTIDO CONSERVADOR - PARTIDO COLOMBIA JUSTA LIBRES,NICOLAS SANCHEZ SALAZAR,1
42,EL MUELLE,43,10,LOCALIDAD 10 ENGATIVA,PARTIDO CONSERVADOR - PARTIDO COLOMBIA JUSTA LIBRES,NICOLAS SANCHEZ SALAZAR,1
43,LA CABAÑA,4,10,LOCALIDAD 10 ENGATIVA,PARTIDO CONSERVADOR - PARTIDO COLOMBIA JUSTA LIBRES,NICOLAS SANCHEZ SALAZAR,1
45,SANTA CECILIA,4,10,LOCALIDAD 10 ENGATIVA,PARTIDO CONSERVADOR - PARTIDO COLOMBIA JUSTA LIBRES,NICOLAS SANCHEZ SALAZAR,1
46,PLAZUELAS DEL VIRREY,9,10,LOCALIDAD 10 ENGATIVA,PARTIDO CONSERVADOR - PARTIDO COLOMBIA JUSTA LIBRES,NICOLAS SANCHEZ SALAZAR,1
48,ZARZAMORA,12,10,LOCALIDAD 10 ENGATIVA,PARTIDO CONSERVADOR - PARTIDO COLOMBIA JUSTA LIBRES,NICOLAS SANCHEZ SALAZAR,1
48,ZARZAMORA,14,10,LOCALIDAD 10 ENGATIVA,PARTIDO CONSERVADOR - PARTIDO COLOMBIA JUSTA LIBRES,NICOLAS SANCHEZ SALAZAR,1
48,ZARZAMORA,16,10,LOCALIDAD 10 ENGATIVA,PARTIDO CONSERVADOR - PARTIDO COLOMBIA JUSTA LIBRES,NICOLAS SANCHEZ SALAZAR,1
54,BOLIVIA,22,10,LOCALIDAD 10 ENGATIVA,PARTIDO CONSERVADOR - PARTIDO COLOMBIA JUSTA LIBRES,NICOLAS SANCHEZ SALAZAR,1
54,BOLIVIA,4,10,LOCALIDAD 10 ENGATIVA,PARTIDO CONSERVADOR - PARTIDO COLOMBIA JUSTA LIBRES,NICOLAS SANCHEZ SALAZAR,2
55,GRAN GRANADA,28,10,LOCALIDAD 10 ENGATIVA,PARTIDO CONSERVADOR - PARTIDO COLOMBIA JUSTA LIBRES,NICOLAS SANCHEZ SALAZAR,1
55,GRAN GRANADA,43,10,LOCALIDAD 10 ENGATIVA,PARTIDO CONSERVADOR - PARTIDO COLOMBIA JUSTA LIBRES,NICOLAS SANCHEZ SALAZAR,1
58,ALMAZAN ENGATIVA,16,10,LOCALIDAD 10 ENGATIVA,PARTIDO CONSERVADOR - PARTIDO COLOMBIA JUSTA LIBRES,NICOLAS SANCHEZ SALAZAR,1
59,UNICENTRO DE OCCIDENTE,1,10,LOCALIDAD 10 ENGATIVA,PARTIDO CONSERVADOR - PARTIDO COLOMBIA JUSTA LIBRES,NICOLAS SANCHEZ SALAZAR,1
59,UNICENTRO DE OCCIDENTE,24,10,LOCALIDAD 10 ENGATIVA,PARTIDO CONSERVADOR - PARTIDO COLOMBIA JUSTA LIBRES,NICOLAS SANCHEZ SALAZAR,1
62,LA CLARITA,3,10,LOCALIDAD 10 ENGATIVA,PARTIDO CONSERVADOR - PARTIDO COLOMBIA JUSTA LIBRES,NICOLAS SANCHEZ SALAZAR,1
67,DIVERPLAZA,14,10,LOCALIDAD 10 ENGATIVA,PARTIDO CONSERVADOR - PARTIDO COLOMBIA JUSTA LIBRES,NICOLAS SANCHEZ SALAZAR,1
67,DIVERPLAZA,22,10,LOCALIDAD 10 ENGATIVA,PARTIDO CONSERVADOR - PARTIDO COLOMBIA JUSTA LIBRES,NICOLAS SANCHEZ SALAZAR,1
67,DIVERPLAZA,33,10,LOCALIDAD 10 ENGATIVA,PARTIDO CONSERVADOR - PARTIDO COLOMBIA JUSTA LIBRES,NICOLAS SANCHEZ SALAZAR,1
67,DIVERPLAZA,34,10,LOCALIDAD 10 ENGATIVA,PARTIDO CONSERVADOR - PARTIDO COLOMBIA JUSTA LIBRES,NICOLAS SANCHEZ SALAZAR,1
67,DIVERPLAZA,5,10,LOCALIDAD 10 ENGATIVA,PARTIDO CONSERVADOR - PARTIDO COLOMBIA JUSTA LIBRES,NICOLAS SANCHEZ SALAZAR,1
67,DIVERPLAZA,7,10,LOCALIDAD 10 ENGATIVA,PARTIDO CONSERVADOR - PARTIDO COLOMBIA JUSTA LIBRES,NICOLAS SANCHEZ SALAZAR,1
68,MARGARITA BOSCO,4,10,LOCALIDAD 10 ENGATIVA,PARTIDO CONSERVADOR - PARTIDO COLOMBIA JUSTA LIBRES,NICOLAS SANCHEZ SALAZAR,1
72,PARIS GAITAN,3,10,LOCALIDAD 10 ENGATIVA,PARTIDO CONSERVADOR - PARTIDO COLOMBIA JUSTA LIBRES,NICOLAS SANCHEZ SALAZAR,1
73,LA PALESTINA,4,10,LOCALIDAD 10 ENGATIVA,PARTIDO CONSERVADOR - PARTIDO COLOMBIA JUSTA LIBRES,NICOLAS SANCHEZ SALAZAR,1
74,EL ENCANTO,3,10,LOCALIDAD 10 ENGATIVA,PARTIDO CONSERVADOR - PARTIDO COLOMBIA JUSTA LIBRES,NICOLAS SANCHEZ SALAZAR,1
85,CENTRO COMERCIAL NUESTRO BOGOTA,1,10,LOCALIDAD 10 ENGATIVA,PARTIDO CONSERVADOR - PARTIDO COLOMBIA JUSTA LIBRES,NICOLAS SANCHEZ SALAZAR,2
85,CENTRO COMERCIAL NUESTRO BOGOTA,6,10,LOCALIDAD 10 ENGATIVA,PARTIDO CONSERVADOR - PARTIDO COLOMBIA JUSTA LIBRES,NICOLAS SANCHEZ SALAZAR,2
88,COLEGIO RR OBLATAS AL DIVINO AMOR,1,10,LOCALIDAD 10 ENGATIVA,PARTIDO CONSERVADOR - PARTIDO COLOMBIA JUSTA LIBRES,NICOLAS SANCHEZ SALAZAR,1
1,PARQUE FUNDACIONAL DE SUBA,25,11,LOCALIDAD 11 SUBA,PARTIDO CONSERVADOR - PARTIDO COLOMBIA JUSTA LIBRES,NICOLAS SANCHEZ SALAZAR,1
2,COLEGIO SAN JOSE DE CALASANZ,9,11,LOCALIDAD 11 SUBA,PARTIDO CONSERVADOR - PARTIDO COLOMBIA JUSTA LIBRES,NICOLAS SANCHEZ SALAZAR,1
3,VILLA ELISA SEDE C - IED,4,11,LOCALIDAD 11 SUBA,PARTIDO CONSERVADOR - PARTIDO COLOMBIA JUSTA LIBRES,NICOLAS SANCHEZ SALAZAR,1
4,GERARDO PAREDES - IED,40,11,LOCALIDAD 11 SUBA,PARTIDO CONSERVADOR - PARTIDO COLOMBIA JUSTA LIBRES,NICOLAS SANCHEZ SALAZAR,1
8,VILLA DEL PRADO UNIAGRARIA,2,11,LOCALIDAD 11 SUBA,PARTIDO CONSERVADOR - PARTIDO COLOMBIA JUSTA LIBRES,NICOLAS SANCHEZ SALAZAR,1
8,VILLA DEL PRADO UNIAGRARIA,23,11,LOCALIDAD 11 SUBA,PARTIDO CONSERVADOR - PARTIDO COLOMBIA JUSTA LIBRES,NICOLAS SANCHEZ SALAZAR,1
8,VILLA DEL PRADO UNIAGRARIA,30,11,LOCALIDAD 11 SUBA,PARTIDO CONSERVADOR - PARTIDO COLOMBIA JUSTA LIBRES,NICOLAS SANCHEZ SALAZAR,1
8,VILLA DEL PRADO UNIAGRARIA,7,11,LOCALIDAD 11 SUBA,PARTIDO CONSERVADOR - PARTIDO COLOMBIA JUSTA LIBRES,NICOLAS SANCHEZ SALAZAR,1
11,CENTRO COMERCIAL BULEVAR NIZA,18,11,LOCALIDAD 11 SUBA,PARTIDO CONSERVADOR - PARTIDO COLOMBIA JUSTA LIBRES,NICOLAS SANCHEZ SALAZAR,1
11,CENTRO COMERCIAL BULEVAR NIZA,25,11,LOCALIDAD 11 SUBA,PARTIDO CONSERVADOR - PARTIDO COLOMBIA JUSTA LIBRES,NICOLAS SANCHEZ SALAZAR,1
12,PONTEVEDRA,29,11,LOCALIDAD 11 SUBA,PARTIDO CONSERVADOR - PARTIDO COLOMBIA JUSTA LIBRES,NICOLAS SANCHEZ SALAZAR,1
13,SAN NICOLAS-AGUSTINIANO NORTE,24,11,LOCALIDAD 11 SUBA,PARTIDO CONSERVADOR - PARTIDO COLOMBIA JUSTA LIBRES,NICOLAS SANCHEZ SALAZAR,1
13,SAN NICOLAS-AGUSTINIANO NORTE,7,11,LOCALIDAD 11 SUBA,PARTIDO CONSERVADOR - PARTIDO COLOMBIA JUSTA LIBRES,NICOLAS SANCHEZ SALAZAR,1
17,LA ALHAMBRA CARULLA,17,11,LOCALIDAD 11 SUBA,PARTIDO CONSERVADOR - PARTIDO COLOMBIA JUSTA LIBRES,NICOLAS SANCHEZ SALAZAR,1
19,FLORESTA NORTE-JULIO FLOREZ,7,11,LOCALIDAD 11 SUBA,PARTIDO CONSERVADOR - PARTIDO COLOMBIA JUSTA LIBRES,NICOLAS SANCHEZ SALAZAR,1
22,EL SALITRE SEDE C - IED,26,11,LOCALIDAD 11 SUBA,PARTIDO CONSERVADOR - PARTIDO COLOMBIA JUSTA LIBRES,NICOLAS SANCHEZ SALAZAR,1
24,FUNDACION UNIVERSITARIA LUIS AMIGO,2,11,LOCALIDAD 11 SUBA,PARTIDO CONSERVADOR - PARTIDO COLOMBIA JUSTA LIBRES,NICOLAS SANCHEZ SALAZAR,1
24,FUNDACION UNIVERSITARIA LUIS AMIGO,20,11,LOCALIDAD 11 SUBA,PARTIDO CONSERVADOR - PARTIDO COLOMBIA JUSTA LIBRES,NICOLAS SANCHEZ SALAZAR,1
26,DON BOSCO - IED,20,11,LOCALIDAD 11 SUBA,PARTIDO CONSERVADOR - PARTIDO COLOMBIA JUSTA LIBRES,NICOLAS SANCHEZ SALAZAR,1
26,DON BOSCO - IED,36,11,LOCALIDAD 11 SUBA,PARTIDO CONSERVADOR - PARTIDO COLOMBIA JUSTA LIBRES,NICOLAS SANCHEZ SALAZAR,1
27,COLEGIO HIJAS DE CRISTO REY,22,11,LOCALIDAD 11 SUBA,PARTIDO CONSERVADOR - PARTIDO COLOMBIA JUSTA LIBRES,NICOLAS SANCHEZ SALAZAR,1
27,COLEGIO HIJAS DE CRISTO REY,37,11,LOCALIDAD 11 SUBA,PARTIDO CONSERVADOR - PARTIDO COLOMBIA JUSTA LIBRES,NICOLAS SANCHEZ SALAZAR,1
31,ALVARO GOMEZ HURTADO SEDE A - IED,22,11,LOCALIDAD 11 SUBA,PARTIDO CONSERVADOR - PARTIDO COLOMBIA JUSTA LIBRES,NICOLAS SANCHEZ SALAZAR,1
31,ALVARO GOMEZ HURTADO SEDE A - IED,5,11,LOCALIDAD 11 SUBA,PARTIDO CONSERVADOR - PARTIDO COLOMBIA JUSTA LIBRES,NICOLAS SANCHEZ SALAZAR,1
35,REPUBLICA DOMINICANA SEDE A - IED,43,11,LOCALIDAD 11 SUBA,PARTIDO CONSERVADOR - PARTIDO COLOMBIA JUSTA LIBRES,NICOLAS SANCHEZ SALAZAR,1
44,SIMON BOLIVAR - IED,1,11,LOCALIDAD 11 SUBA,PARTIDO CONSERVADOR - PARTIDO COLOMBIA JUSTA LIBRES,NICOLAS SANCHEZ SALAZAR,1
44,SIMON BOLIVAR - IED,2,11,LOCALIDAD 11 SUBA,PARTIDO CONSERVADOR - PARTIDO COLOMBIA JUSTA LIBRES,NICOLAS SANCHEZ SALAZAR,1
44,SIMON BOLIVAR - IED,20,11,LOCALIDAD 11 SUBA,PARTIDO CONSERVADOR - PARTIDO COLOMBIA JUSTA LIBRES,NICOLAS SANCHEZ SALAZAR,1
44,SIMON BOLIVAR - IED,5,11,LOCALIDAD 11 SUBA,PARTIDO CONSERVADOR - PARTIDO COLOMBIA JUSTA LIBRES,NICOLAS SANCHEZ SALAZAR,1
47,RAMON DE ZUBIRIA SEDE A - IED,31,11,LOCALIDAD 11 SUBA,PARTIDO CONSERVADOR - PARTIDO COLOMBIA JUSTA LIBRES,NICOLAS SANCHEZ SALAZAR,1
49,GONZALO ARANGO - IED,6,11,LOCALIDAD 11 SUBA,PARTIDO CONSERVADOR - PARTIDO COLOMBIA JUSTA LIBRES,NICOLAS SANCHEZ SALAZAR,1
51,FE Y ALEGRIA JOSE MARIA VELAZ - IED,6,11,LOCALIDAD 11 SUBA,PARTIDO CONSERVADOR - PARTIDO COLOMBIA JUSTA LIBRES,NICOLAS SANCHEZ SALAZAR,1
53,COMPARTIR SEDE A - IED,17,11,LOCALIDAD 11 SUBA,PARTIDO CONSERVADOR - PARTIDO COLOMBIA JUSTA LIBRES,NICOLAS SANCHEZ SALAZAR,1
54,GERARDO MOLINA RAMIREZ - IED,34,11,LOCALIDAD 11 SUBA,PARTIDO CONSERVADOR - PARTIDO COLOMBIA JUSTA LIBRES,NICOLAS SANCHEZ SALAZAR,1
57,CENTRO COMERCIAL PASEO SAN RAFAEL,32,11,LOCALIDAD 11 SUBA,PARTIDO CONSERVADOR - PARTIDO COLOMBIA JUSTA LIBRES,NICOLAS SANCHEZ SALAZAR,1
58,ALMACEN ÉXITO LA COLINA,37,11,LOCALIDAD 11 SUBA,PARTIDO CONSERVADOR - PARTIDO COLOMBIA JUSTA LIBRES,NICOLAS SANCHEZ SALAZAR,1
59,CARULLA RINCON DE LA COLINA,1,11,LOCALIDAD 11 SUBA,PARTIDO CONSERVADOR - PARTIDO COLOMBIA JUSTA LIBRES,NICOLAS SANCHEZ SALAZAR,1
59,CARULLA RINCON DE LA COLINA,9,11,LOCALIDAD 11 SUBA,PARTIDO CONSERVADOR - PARTIDO COLOMBIA JUSTA LIBRES,NICOLAS SANCHEZ SALAZAR,1
78,CC PARQUE LA COLINA,12,11,LOCALIDAD 11 SUBA,PARTIDO CONSERVADOR - PARTIDO COLOMBIA JUSTA LIBRES,NICOLAS SANCHEZ SALAZAR,1
85,MIRANDELA - NUEVA ZELANDIA,12,11,LOCALIDAD 11 SUBA,PARTIDO CONSERVADOR - PARTIDO COLOMBIA JUSTA LIBRES,NICOLAS SANCHEZ SALAZAR,1
86,CENTRO COMERCIAL SANTAFE,13,11,LOCALIDAD 11 SUBA,PARTIDO CONSERVADOR - PARTIDO COLOMBIA JUSTA LIBRES,NICOLAS SANCHEZ SALAZAR,1
86,CENTRO COMERCIAL SANTAFE,26,11,LOCALIDAD 11 SUBA,PARTIDO CONSERVADOR - PARTIDO COLOMBIA JUSTA LIBRES,NICOLAS SANCHEZ SALAZAR,1
86,CENTRO COMERCIAL SANTAFE,6,11,LOCALIDAD 11 SUBA,PARTIDO CONSERVADOR - PARTIDO COLOMBIA JUSTA LIBRES,NICOLAS SANCHEZ SALAZAR,1
89,CENTRO COMERCIAL CENTRO SUBA,4,11,LOCALIDAD 11 SUBA,PARTIDO CONSERVADOR - PARTIDO COLOMBIA JUSTA LIBRES,NICOLAS SANCHEZ SALAZAR,1
89,CENTRO COMERCIAL CENTRO SUBA,40,11,LOCALIDAD 11 SUBA,PARTIDO CONSERVADOR - PARTIDO COLOMBIA JUSTA LIBRES,NICOLAS SANCHEZ SALAZAR,1
94,REPUBLICA DOMINICANA SEDE B - IED,1,11,LOCALIDAD 11 SUBA,PARTIDO CONSERVADOR - PARTIDO COLOMBIA JUSTA LIBRES,NICOLAS SANCHEZ SALAZAR,1
95,CENTRO COMERCIAL PLAZA IMPERIAL,12,11,LOCALIDAD 11 SUBA,PARTIDO CONSERVADOR - PARTIDO COLOMBIA JUSTA LIBRES,NICOLAS SANCHEZ SALAZAR,1
95,CENTRO COMERCIAL PLAZA IMPERIAL,32,11,LOCALIDAD 11 SUBA,PARTIDO CONSERVADOR - PARTIDO COLOMBIA JUSTA LIBRES,NICOLAS SANCHEZ SALAZAR,1
95,CENTRO COMERCIAL PLAZA IMPERIAL,44,11,LOCALIDAD 11 SUBA,PARTIDO CONSERVADOR - PARTIDO COLOMBIA JUSTA LIBRES,NICOLAS SANCHEZ SALAZAR,1
95,CENTRO COMERCIAL PLAZA IMPERIAL,7,11,LOCALIDAD 11 SUBA,PARTIDO CONSERVADOR - PARTIDO COLOMBIA JUSTA LIBRES,NICOLAS SANCHEZ SALAZAR,1
96,SALON COMUNAL EL SOLAR,1,11,LOCALIDAD 11 SUBA,PARTIDO CONSERVADOR - PARTIDO COLOMBIA JUSTA LIBRES,NICOLAS SANCHEZ SALAZAR,1
A4,COLEGIO HELVETIA,3,11,LOCALIDAD 11 SUBA,PARTIDO CONSERVADOR - PARTIDO COLOMBIA JUSTA LIBRES,NICOLAS SANCHEZ SALAZAR,1
1,LA CASTELLANA,18,12,LOCALIDAD 12 BARRIOS UNIDOS,PARTIDO CONSERVADOR - PARTIDO COLOMBIA JUSTA LIBRES,NICOLAS SANCHEZ SALAZAR,1
5,ENTRE RIOS,2,12,LOCALIDAD 12 BARRIOS UNIDOS,PARTIDO CONSERVADOR - PARTIDO COLOMBIA JUSTA LIBRES,NICOLAS SANCHEZ SALAZAR,1
5,ENTRE RIOS,9,12,LOCALIDAD 12 BARRIOS UNIDOS,PARTIDO CONSERVADOR - PARTIDO COLOMBIA JUSTA LIBRES,NICOLAS SANCHEZ SALAZAR,1
6,METROPOLIS,12,12,LOCALIDAD 12 BARRIOS UNIDOS,PARTIDO CONSERVADOR - PARTIDO COLOMBIA JUSTA LIBRES,NICOLAS SANCHEZ SALAZAR,1
6,METROPOLIS,15,12,LOCALIDAD 12 BARRIOS UNIDOS,PARTIDO CONSERVADOR - PARTIDO COLOMBIA JUSTA LIBRES,NICOLAS SANCHEZ SALAZAR,1
6,METROPOLIS,2,12,LOCALIDAD 12 BARRIOS UNIDOS,PARTIDO CONSERVADOR - PARTIDO COLOMBIA JUSTA LIBRES,NICOLAS SANCHEZ SALAZAR,1
8,JOSE JOAQUIN VARGAS,10,12,LOCALIDAD 12 BARRIOS UNIDOS,PARTIDO CONSERVADOR - PARTIDO COLOMBIA JUSTA LIBRES,NICOLAS SANCHEZ SALAZAR,1
8,JOSE JOAQUIN VARGAS,11,12,LOCALIDAD 12 BARRIOS UNIDOS,PARTIDO CONSERVADOR - PARTIDO COLOMBIA JUSTA LIBRES,NICOLAS SANCHEZ SALAZAR,3
8,JOSE JOAQUIN VARGAS,14,12,LOCALIDAD 12 BARRIOS UNIDOS,PARTIDO CONSERVADOR - PARTIDO COLOMBIA JUSTA LIBRES,NICOLAS SANCHEZ SALAZAR,3
8,JOSE JOAQUIN VARGAS,15,12,LOCALIDAD 12 BARRIOS UNIDOS,PARTIDO CONSERVADOR - PARTIDO COLOMBIA JUSTA LIBRES,NICOLAS SANCHEZ SALAZAR,1
8,JOSE JOAQUIN VARGAS,16,12,LOCALIDAD 12 BARRIOS UNIDOS,PARTIDO CONSERVADOR - PARTIDO COLOMBIA JUSTA LIBRES,NICOLAS SANCHEZ SALAZAR,2
8,JOSE JOAQUIN VARGAS,18,12,LOCALIDAD 12 BARRIOS UNIDOS,PARTIDO CONSERVADOR - PARTIDO COLOMBIA JUSTA LIBRES,NICOLAS SANCHEZ SALAZAR,1
8,JOSE JOAQUIN VARGAS,2,12,LOCALIDAD 12 BARRIOS UNIDOS,PARTIDO CONSERVADOR - PARTIDO COLOMBIA JUSTA LIBRES,NICOLAS SANCHEZ SALAZAR,1
8,JOSE JOAQUIN VARGAS,3,12,LOCALIDAD 12 BARRIOS UNIDOS,PARTIDO CONSERVADOR - PARTIDO COLOMBIA JUSTA LIBRES,NICOLAS SANCHEZ SALAZAR,1
8,JOSE JOAQUIN VARGAS,30,12,LOCALIDAD 12 BARRIOS UNIDOS,PARTIDO CONSERVADOR - PARTIDO COLOMBIA JUSTA LIBRES,NICOLAS SANCHEZ SALAZAR,1
8,JOSE JOAQUIN VARGAS,4,12,LOCALIDAD 12 BARRIOS UNIDOS,PARTIDO CONSERVADOR - PARTIDO COLOMBIA JUSTA LIBRES,NICOLAS SANCHEZ SALAZAR,2
8,JOSE JOAQUIN VARGAS,5,12,LOCALIDAD 12 BARRIOS UNIDOS,PARTIDO CONSERVADOR - PARTIDO COLOMBIA JUSTA LIBRES,NICOLAS SANCHEZ SALAZAR,1
8,JOSE JOAQUIN VARGAS,6,12,LOCALIDAD 12 BARRIOS UNIDOS,PARTIDO CONSERVADOR - PARTIDO COLOMBIA JUSTA LIBRES,NICOLAS SANCHEZ SALAZAR,1
8,JOSE JOAQUIN VARGAS,7,12,LOCALIDAD 12 BARRIOS UNIDOS,PARTIDO CONSERVADOR - PARTIDO COLOMBIA JUSTA LIBRES,NICOLAS SANCHEZ SALAZAR,1
8,JOSE JOAQUIN VARGAS,9,12,LOCALIDAD 12 BARRIOS UNIDOS,PARTIDO CONSERVADOR - PARTIDO COLOMBIA JUSTA LIBRES,NICOLAS SANCHEZ SALAZAR,2
10,POPULAR MODELO,10,12,LOCALIDAD 12 BARRIOS UNIDOS,PARTIDO CONSERVADOR - PARTIDO COLOMBIA JUSTA LIBRES,NICOLAS SANCHEZ SALAZAR,1
13,POLO CLUB,8,12,LOCALIDAD 12 BARRIOS UNIDOS,PARTIDO CONSERVADOR - PARTIDO COLOMBIA JUSTA LIBRES,NICOLAS SANCHEZ SALAZAR,2
18,LA MUEQUETA,4,12,LOCALIDAD 12 BARRIOS UNIDOS,PARTIDO CONSERVADOR - PARTIDO COLOMBIA JUSTA LIBRES,NICOLAS SANCHEZ SALAZAR,1
22,ISERRA 100,21,12,LOCALIDAD 12 BARRIOS UNIDOS,PARTIDO CONSERVADOR - PARTIDO COLOMBIA JUSTA LIBRES,NICOLAS SANCHEZ SALAZAR,1
22,ISERRA 100,7,12,LOCALIDAD 12 BARRIOS UNIDOS,PARTIDO CONSERVADOR - PARTIDO COLOMBIA JUSTA LIBRES,NICOLAS SANCHEZ SALAZAR,1
22,ISERRA 100,8,12,LOCALIDAD 12 BARRIOS UNIDOS,PARTIDO CONSERVADOR - PARTIDO COLOMBIA JUSTA LIBRES,NICOLAS SANCHEZ SALAZAR,1
23,SAN MIGUEL,3,12,LOCALIDAD 12 BARRIOS UNIDOS,PARTIDO CONSERVADOR - PARTIDO COLOMBIA JUSTA LIBRES,NICOLAS SANCHEZ SALAZAR,1
26,JORGE ELIECER GAITAN SEDE B PRIMARIA,6,12,LOCALIDAD 12 BARRIOS UNIDOS,PARTIDO CONSERVADOR - PARTIDO COLOMBIA JUSTA LIBRES,NICOLAS SANCHEZ SALAZAR,1
1,DIVINO SALVADOR,15,13,LOCALIDAD 13 TEUSAQUILLO,PARTIDO CONSERVADOR - PARTIDO COLOMBIA JUSTA LIBRES,NICOLAS SANCHEZ SALAZAR,1
11,COLEGIO MONTEHELENA,10,13,LOCALIDAD 13 TEUSAQUILLO,PARTIDO CONSERVADOR - PARTIDO COLOMBIA JUSTA LIBRES,NICOLAS SANCHEZ SALAZAR,1
13,QUINTA PAREDES B,16,13,LOCALIDAD 13 TEUSAQUILLO,PARTIDO CONSERVADOR - PARTIDO COLOMBIA JUSTA LIBRES,NICOLAS SANCHEZ SALAZAR,1
13,QUINTA PAREDES B,23,13,LOCALIDAD 13 TEUSAQUILLO,PARTIDO CONSERVADOR - PARTIDO COLOMBIA JUSTA LIBRES,NICOLAS SANCHEZ SALAZAR,1
13,QUINTA PAREDES B,6,13,LOCALIDAD 13 TEUSAQUILLO,PARTIDO CONSERVADOR - PARTIDO COLOMBIA JUSTA LIBRES,NICOLAS SANCHEZ SALAZAR,1
13,QUINTA PAREDES B,9,13,LOCALIDAD 13 TEUSAQUILLO,PARTIDO CONSERVADOR - PARTIDO COLOMBIA JUSTA LIBRES,NICOLAS SANCHEZ SALAZAR,1
17,LA MAGDALENA,9,13,LOCALIDAD 13 TEUSAQUILLO,PARTIDO CONSERVADOR - PARTIDO COLOMBIA JUSTA LIBRES,NICOLAS SANCHEZ SALAZAR,1
21,CIUDAD SALITRE,6,13,LOCALIDAD 13 TEUSAQUILLO,PARTIDO CONSERVADOR - PARTIDO COLOMBIA JUSTA LIBRES,NICOLAS SANCHEZ SALAZAR,1
33,CENTRO COMERCIAL GALERIAS,1,13,LOCALIDAD 13 TEUSAQUILLO,PARTIDO CONSERVADOR - PARTIDO COLOMBIA JUSTA LIBRES,NICOLAS SANCHEZ SALAZAR,1
33,CENTRO COMERCIAL GALERIAS,8,13,LOCALIDAD 13 TEUSAQUILLO,PARTIDO CONSERVADOR - PARTIDO COLOMBIA JUSTA LIBRES,NICOLAS SANCHEZ SALAZAR,1
6,LA ESTANZUELA,15,14,LOCALIDAD 14 MARTIRES,PARTIDO CONSERVADOR - PARTIDO COLOMBIA JUSTA LIBRES,NICOLAS SANCHEZ SALAZAR,1
7,VERAGUAS,10,14,LOCALIDAD 14 MARTIRES,PARTIDO CONSERVADOR - PARTIDO COLOMBIA JUSTA LIBRES,NICOLAS SANCHEZ SALAZAR,1
10,EDUARDO SANTOS,4,14,LOCALIDAD 14 MARTIRES,PARTIDO CONSERVADOR - PARTIDO COLOMBIA JUSTA LIBRES,NICOLAS SANCHEZ SALAZAR,1
12,LA REBECA,2,14,LOCALIDAD 14 MARTIRES,PARTIDO CONSERVADOR - PARTIDO COLOMBIA JUSTA LIBRES,NICOLAS SANCHEZ SALAZAR,1
17,SALON COMUNAL SANTA ISABEL,9,14,LOCALIDAD 14 MARTIRES,PARTIDO CONSERVADOR - PARTIDO COLOMBIA JUSTA LIBRES,NICOLAS SANCHEZ SALAZAR,1
1,POLICARPA,25,15,LOCALIDAD 15 ANTONIO NARIÑO,PARTIDO CONSERVADOR - PARTIDO COLOMBIA JUSTA LIBRES,NICOLAS SANCHEZ SALAZAR,1
1,POLICARPA,6,15,LOCALIDAD 15 ANTONIO NARIÑO,PARTIDO CONSERVADOR - PARTIDO COLOMBIA JUSTA LIBRES,NICOLAS SANCHEZ SALAZAR,1
3,SAN ANTONIO,12,15,LOCALIDAD 15 ANTONIO NARIÑO,PARTIDO CONSERVADOR - PARTIDO COLOMBIA JUSTA LIBRES,NICOLAS SANCHEZ SALAZAR,1
3,SAN ANTONIO,13,15,LOCALIDAD 15 ANTONIO NARIÑO,PARTIDO CONSERVADOR - PARTIDO COLOMBIA JUSTA LIBRES,NICOLAS SANCHEZ SALAZAR,1
12,VILLA MAYOR,10,15,LOCALIDAD 15 ANTONIO NARIÑO,PARTIDO CONSERVADOR - PARTIDO COLOMBIA JUSTA LIBRES,NICOLAS SANCHEZ SALAZAR,1
1,DELICIAS MUZU,19,16,LOCALIDAD 16 PUENTE ARANDA,PARTIDO CONSERVADOR - PARTIDO COLOMBIA JUSTA LIBRES,NICOLAS SANCHEZ SALAZAR,1
3,SANTA MATILDE,13,16,LOCALIDAD 16 PUENTE ARANDA,PARTIDO CONSERVADOR - PARTIDO COLOMBIA JUSTA LIBRES,NICOLAS SANCHEZ SALAZAR,1
3,SANTA MATILDE,9,16,LOCALIDAD 16 PUENTE ARANDA,PARTIDO CONSERVADOR - PARTIDO COLOMBIA JUSTA LIBRES,NICOLAS SANCHEZ SALAZAR,1
5,ALCALDIA PUENTE ARANDA,17,16,LOCALIDAD 16 PUENTE ARANDA,PARTIDO CONSERVADOR - PARTIDO COLOMBIA JUSTA LIBRES,NICOLAS SANCHEZ SALAZAR,1
5,ALCALDIA PUENTE ARANDA,20,16,LOCALIDAD 16 PUENTE ARANDA,PARTIDO CONSERVADOR - PARTIDO COLOMBIA JUSTA LIBRES,NICOLAS SANCHEZ SALAZAR,1
10,SALAZAR GOMEZ,4,16,LOCALIDAD 16 PUENTE ARANDA,PARTIDO CONSERVADOR - PARTIDO COLOMBIA JUSTA LIBRES,NICOLAS SANCHEZ SALAZAR,1
13,COLON,17,16,LOCALIDAD 16 PUENTE ARANDA,PARTIDO CONSERVADOR - PARTIDO COLOMBIA JUSTA LIBRES,NICOLAS SANCHEZ SALAZAR,1
13,COLON,20,16,LOCALIDAD 16 PUENTE ARANDA,PARTIDO CONSERVADOR - PARTIDO COLOMBIA JUSTA LIBRES,NICOLAS SANCHEZ SALAZAR,1
19,EL TEJAR,16,16,LOCALIDAD 16 PUENTE ARANDA,PARTIDO CONSERVADOR - PARTIDO COLOMBIA JUSTA LIBRES,NICOLAS SANCHEZ SALAZAR,1
19,EL TEJAR,17,16,LOCALIDAD 16 PUENTE ARANDA,PARTIDO CONSERVADOR - PARTIDO COLOMBIA JUSTA LIBRES,NICOLAS SANCHEZ SALAZAR,1
19,EL TEJAR,2,16,LOCALIDAD 16 PUENTE ARANDA,PARTIDO CONSERVADOR - PARTIDO COLOMBIA JUSTA LIBRES,NICOLAS SANCHEZ SALAZAR,1
19,EL TEJAR,7,16,LOCALIDAD 16 PUENTE ARANDA,PARTIDO CONSERVADOR - PARTIDO COLOMBIA JUSTA LIBRES,NICOLAS SANCHEZ SALAZAR,1
20,ALQUERIA,2,16,LOCALIDAD 16 PUENTE ARANDA,PARTIDO CONSERVADOR - PARTIDO COLOMBIA JUSTA LIBRES,NICOLAS SANCHEZ SALAZAR,1
20,ALQUERIA,3,16,LOCALIDAD 16 PUENTE ARANDA,PARTIDO CONSERVADOR - PARTIDO COLOMBIA JUSTA LIBRES,NICOLAS SANCHEZ SALAZAR,1
21,ALCALA,13,16,LOCALIDAD 16 PUENTE ARANDA,PARTIDO CONSERVADOR - PARTIDO COLOMBIA JUSTA LIBRES,NICOLAS SANCHEZ SALAZAR,1
21,ALCALA,23,16,LOCALIDAD 16 PUENTE ARANDA,PARTIDO CONSERVADOR - PARTIDO COLOMBIA JUSTA LIBRES,NICOLAS SANCHEZ SALAZAR,1
21,ALCALA,24,16,LOCALIDAD 16 PUENTE ARANDA,PARTIDO CONSERVADOR - PARTIDO COLOMBIA JUSTA LIBRES,NICOLAS SANCHEZ SALAZAR,1
24,LOS SAUCES,9,16,LOCALIDAD 16 PUENTE ARANDA,PARTIDO CONSERVADOR - PARTIDO COLOMBIA JUSTA LIBRES,NICOLAS SANCHEZ SALAZAR,1
29,SALÓN COMUNAL LA TRINIDAD,3,16,LOCALIDAD 16 PUENTE ARANDA,PARTIDO CONSERVADOR - PARTIDO COLOMBIA JUSTA LIBRES,NICOLAS SANCHEZ SALAZAR,1
31,EL REMANZO,6,16,LOCALIDAD 16 PUENTE ARANDA,PARTIDO CONSERVADOR - PARTIDO COLOMBIA JUSTA LIBRES,NICOLAS SANCHEZ SALAZAR,1
36,LUIS CARLOS GALAN SARMIENTO,7,16,LOCALIDAD 16 PUENTE ARANDA,PARTIDO CONSERVADOR - PARTIDO COLOMBIA JUSTA LIBRES,NICOLAS SANCHEZ SALAZAR,1
1,LA CONCORDIA,23,17,LOCALIDAD 17 CANDELARIA,PARTIDO CONSERVADOR - PARTIDO COLOMBIA JUSTA LIBRES,NICOLAS SANCHEZ SALAZAR,1
5,MURILLO TORO,10,17,LOCALIDAD 17 CANDELARIA,PARTIDO CONSERVADOR - PARTIDO COLOMBIA JUSTA LIBRES,NICOLAS SANCHEZ SALAZAR,1
3,BRAVO PAEZ,13,18,LOCALIDAD 18 RAFAEL URIBE URIB,PARTIDO CONSERVADOR - PARTIDO COLOMBIA JUSTA LIBRES,NICOLAS SANCHEZ SALAZAR,2
8,ALEJANDRO OBREGON GUSTAVO REST,9,18,LOCALIDAD 18 RAFAEL URIBE URIB,PARTIDO CONSERVADOR - PARTIDO COLOMBIA JUSTA LIBRES,NICOLAS SANCHEZ SALAZAR,1
11,CENTRAL QUIROGA,10,18,LOCALIDAD 18 RAFAEL URIBE URIB,PARTIDO CONSERVADOR - PARTIDO COLOMBIA JUSTA LIBRES,NICOLAS SANCHEZ SALAZAR,1
11,CENTRAL QUIROGA,14,18,LOCALIDAD 18 RAFAEL URIBE URIB,PARTIDO CONSERVADOR - PARTIDO COLOMBIA JUSTA LIBRES,NICOLAS SANCHEZ SALAZAR,1
22,LOS MOLINOS II SECTOR,18,18,LOCALIDAD 18 RAFAEL URIBE URIB,PARTIDO CONSERVADOR - PARTIDO COLOMBIA JUSTA LIBRES,NICOLAS SANCHEZ SALAZAR,1
23,PALERMO SUR,14,18,LOCALIDAD 18 RAFAEL URIBE URIB,PARTIDO CONSERVADOR - PARTIDO COLOMBIA JUSTA LIBRES,NICOLAS SANCHEZ SALAZAR,1
28,SAN AGUSTIN SUR,4,18,LOCALIDAD 18 RAFAEL URIBE URIB,PARTIDO CONSERVADOR - PARTIDO COLOMBIA JUSTA LIBRES,NICOLAS SANCHEZ SALAZAR,1
56,COLEGIO  RESTREPO MILLAN SEDE  A,5,18,LOCALIDAD 18 RAFAEL URIBE URIB,PARTIDO CONSERVADOR - PARTIDO COLOMBIA JUSTA LIBRES,NICOLAS SANCHEZ SALAZAR,1
5,MEXICO,4,19,LOCALIDAD 19 CIUDAD BOLIVAR,PARTIDO CONSERVADOR - PARTIDO COLOMBIA JUSTA LIBRES,NICOLAS SANCHEZ SALAZAR,1
5,MEXICO,42,19,LOCALIDAD 19 CIUDAD BOLIVAR,PARTIDO CONSERVADOR - PARTIDO COLOMBIA JUSTA LIBRES,NICOLAS SANCHEZ SALAZAR,1
5,MEXICO,7,19,LOCALIDAD 19 CIUDAD BOLIVAR,PARTIDO CONSERVADOR - PARTIDO COLOMBIA JUSTA LIBRES,NICOLAS SANCHEZ SALAZAR,1
6,LUCERO MEDIO,10,19,LOCALIDAD 19 CIUDAD BOLIVAR,PARTIDO CONSERVADOR - PARTIDO COLOMBIA JUSTA LIBRES,NICOLAS SANCHEZ SALAZAR,2
9,JERUSALEN (EL TANQUE),15,19,LOCALIDAD 19 CIUDAD BOLIVAR,PARTIDO CONSERVADOR - PARTIDO COLOMBIA JUSTA LIBRES,NICOLAS SANCHEZ SALAZAR,1
13,ARBORIZADORA BAJA,20,19,LOCALIDAD 19 CIUDAD BOLIVAR,PARTIDO CONSERVADOR - PARTIDO COLOMBIA JUSTA LIBRES,NICOLAS SANCHEZ SALAZAR,1
13,ARBORIZADORA BAJA,32,19,LOCALIDAD 19 CIUDAD BOLIVAR,PARTIDO CONSERVADOR - PARTIDO COLOMBIA JUSTA LIBRES,NICOLAS SANCHEZ SALAZAR,1
15,ISMAEL PERDOMO,30,19,LOCALIDAD 19 CIUDAD BOLIVAR,PARTIDO CONSERVADOR - PARTIDO COLOMBIA JUSTA LIBRES,NICOLAS SANCHEZ SALAZAR,1
23,MANUELA BELTRAN,2,19,LOCALIDAD 19 CIUDAD BOLIVAR,PARTIDO CONSERVADOR - PARTIDO COLOMBIA JUSTA LIBRES,NICOLAS SANCHEZ SALAZAR,1
27,VILLA GLORIA SUR,3,19,LOCALIDAD 19 CIUDAD BOLIVAR,PARTIDO CONSERVADOR - PARTIDO COLOMBIA JUSTA LIBRES,NICOLAS SANCHEZ SALAZAR,1
28,GALICIA,20,19,LOCALIDAD 19 CIUDAD BOLIVAR,PARTIDO CONSERVADOR - PARTIDO COLOMBIA JUSTA LIBRES,NICOLAS SANCHEZ SALAZAR,1
30,CASAVIANCA,3,19,LOCALIDAD 19 CIUDAD BOLIVAR,PARTIDO CONSERVADOR - PARTIDO COLOMBIA JUSTA LIBRES,NICOLAS SANCHEZ SALAZAR,1
30,CASAVIANCA,4,19,LOCALIDAD 19 CIUDAD BOLIVAR,PARTIDO CONSERVADOR - PARTIDO COLOMBIA JUSTA LIBRES,NICOLAS SANCHEZ SALAZAR,1
31,CASONA DEL LIBERTADOR,32,19,LOCALIDAD 19 CIUDAD BOLIVAR,PARTIDO CONSERVADOR - PARTIDO COLOMBIA JUSTA LIBRES,NICOLAS SANCHEZ SALAZAR,1
45,JOSE CELESTINO MUTIS,5,19,LOCALIDAD 19 CIUDAD BOLIVAR,PARTIDO CONSERVADOR - PARTIDO COLOMBIA JUSTA LIBRES,NICOLAS SANCHEZ SALAZAR,1
46,BONAVISTA,25,19,LOCALIDAD 19 CIUDAD BOLIVAR,PARTIDO CONSERVADOR - PARTIDO COLOMBIA JUSTA LIBRES,NICOLAS SANCHEZ SALAZAR,1
49,LAS QUINTAS,1,19,LOCALIDAD 19 CIUDAD BOLIVAR,PARTIDO CONSERVADOR - PARTIDO COLOMBIA JUSTA LIBRES,NICOLAS SANCHEZ SALAZAR,1
54,LA CORUÑA - LICEO CONTADORA,3,19,LOCALIDAD 19 CIUDAD BOLIVAR,PARTIDO CONSERVADOR - PARTIDO COLOMBIA JUSTA LIBRES,NICOLAS SANCHEZ SALAZAR,1
54,LA CORUÑA - LICEO CONTADORA,7,19,LOCALIDAD 19 CIUDAD BOLIVAR,PARTIDO CONSERVADOR - PARTIDO COLOMBIA JUSTA LIBRES,NICOLAS SANCHEZ SALAZAR,1
66,CASA DE LA CULTURA CIUDAD BOLIVAR,2,19,LOCALIDAD 19 CIUDAD BOLIVAR,PARTIDO CONSERVADOR - PARTIDO COLOMBIA JUSTA LIBRES,NICOLAS SANCHEZ SALAZAR,1
68,ROGELIO SALMONA,4,19,LOCALIDAD 19 CIUDAD BOLIVAR,PARTIDO CONSERVADOR - PARTIDO COLOMBIA JUSTA LIBRES,NICOLAS SANCHEZ SALAZAR,1
1,PUESTO CENSO(FERIA EXPOSICION),250,0,NACIONAL,PARTIDO CONSERVADOR - PARTIDO COLOMBIA JUSTA LIBRES,NICOLAS SANCHEZ SALAZAR,1
1,PUESTO CENSO(FERIA EXPOSICION),261,0,NACIONAL,PARTIDO CONSERVADOR - PARTIDO COLOMBIA JUSTA LIBRES,NICOLAS SANCHEZ SALAZAR,1
1,PUESTO CENSO(FERIA EXPOSICION),34,0,NACIONAL,PARTIDO CONSERVADOR - PARTIDO COLOMBIA JUSTA LIBRES,NICOLAS SANCHEZ SALAZAR,1
1,PUESTO CENSO(FERIA EXPOSICION),64,0,NACIONAL,PARTIDO CONSERVADOR - PARTIDO COLOMBIA JUSTA LIBRES,NICOLAS SANCHEZ SALAZAR,1
1,PUESTO CENSO(FERIA EXPOSICION),68,0,NACIONAL,PARTIDO CONSERVADOR - PARTIDO COLOMBIA JUSTA LIBRES,NICOLAS SANCHEZ SALAZAR,1
